"Drug Name","NDC #","QOH","Total Rxs","Quantity","Acq Cost","Total","Margin","Profit Pct","Min QOH","Pkg Size",
"GAVILYTE G SOLUTION ***","43386-0090-19","-1352001","4","16000","160.00","44.75","-257.54%","-72.03%","0","4000"
"CONTOUR NEXT TEST  STRIPS*****","00193-7311-50","-118000","61","7650","10710.00","8004.31","-33.8%","-25.26%","0","50"
"AMMONIUM LACTATE 12 % EXTERNAL LOTION","51672-1300-09","-172400","14","5600","1400.00","264.06","-430.18%","-81.14%","0","400"
"ATORVASTATIN 40MG TABLET","70377-0079-13","-21690","63","4950","24578.40","518.72","-4638.28%","-97.89%","0","1000"
"CHLORHEXIDINE 0.12% SOLUTION ***","00116-2001-16","-106425","10","4730","1000.00","58.51","-1609.11%","-94.15%","0","473"
"ALCOHOL PADS ULTICARE","08222-4400-06","-210500","27","4500","2925.00","214.97","-1260.65%","-92.65%","0","100"
"AMLODIPINE 5MG TABLET ***","69097-0127-15","-102795","48","3990","5935.80","157.10","-3678.36%","-97.35%","0","1000"
"GABAPENTIN 300 MG CAPSULE","67877-0223-05","-14310","35","3600","4119.84","222.25","-1753.7%","-94.61%","0","500"
"METFORMIN 1000MG TABLET","70010-0065-99","-20414","30","3450","4278.40","185.50","-2206.42%","-95.66%","0","1000"
"ATORVASTATIN 20MG TABLET","70377-0078-13","-16098","41","3120","15491.84","217.26","-7030.55%","-98.6%","0","1000"
"METFORMIN HCL 500 MG TABLET","70010-0063-10","-24116","25","3090","1870.82","48.63","-3747.05%","-97.4%","0","1000"
"AMMONIUM LACTATE 12 % EXTERNAL CREAM","51672-1301-00","-105105","8","3080","560.00","195.65","-186.23%","-65.06%","0","385"
"OMEPRAZOLE 40MG CAPSULE DR","68462-0397-10","-91337","47","2587","16453.32","248.37","-6524.52%","-98.49%","0","1000"
"ELIQUIS 5MG TAB ***","00003-0894-21","-71040","20","2460","26650.00","10605.65","-151.28%","-60.2%","0","60"
"AMLODIPINE 10MG TABLET","69097-0128-15","-57855","37","2430","7290.00","135.77","-5269.37%","-98.14%","0","1000"
"RESTASIS 0.05% EMULSION ***","00023-9163-60","-105360","24","2400","36000.00","24475.48","-47.09%","-32.01%","0","60"
"KETOCONAZOLE 2 % EXTERNAL SHAMPOO","70954-0662-10","-20040","17","2040","680.00","193.09","-252.17%","-71.6%","0","120"
"OXYCODONE-APAP 10-325MG TABLET","47781-0230-05","464","20","1990","6076.80","380.38","-1497.56%","-93.74%","0","500"
"TAMSULOSIN 0.4MG CAPSULE","65862-0598-05","-89887","28","1950","7074.11","221.93","-3087.54%","-96.86%","0","500"
"PEN NEEDLES ALL","08290-3201-22","-80545","16","1900","902.31","1169.10","22.82%","29.57%","0","100"
"LACTULOSE 10 GM/15ML ORAL SOLUTION","00116-4005-16","-5443","4","1892","119.36","54.16","-120.38%","-54.62%","0","473"
"FAMOTIDINE 20MG TABLET","67877-0842-10","-9031","25","1858","3869.81","93.40","-4043.27%","-97.59%","0","1000"
"XIIDRA 5 % OPHTHALMIC SOLUTION*****","24208-0911-12","-22320","19","1620","27000.00","18863.92","-43.13%","-30.13%","0","60"
"METOPROLOL SUCCINATE ER 25MG TABLET","70010-0780-05","-7685","17","1590","1669.63","202.99","-722.52%","-87.84%","0","500"
"ATORVASTATIN 80MG  TABLET","70377-0080-13","-9030","21","1470","7299.04","123.22","-5823.58%","-98.31%","0","1000"
"IBUPROFEN 100 MG/5ML SUSPENSION","59651-0032-12","-8156","8","1440","240.00","116.03","-106.84%","-51.65%","0","120"
"LACTULOSE 10 GM/15ML ORAL SOLUTION","00121-0873-16","-151582","3","1419","89.52","38.39","-133.19%","-57.12%","0","473"
"SIMVASTATIN 20MG TABLET","16729-0005-17","-42510","19","1410","2820.00","40.07","-6937.68%","-98.58%","0","1000"
"AMMONIUM LACTATE 12 % EXTERNAL CREAM","51672-1301-04","-30940","5","1400","250.00","98.24","-154.48%","-60.7%","0","280"
"JARDIANCE 25MG TAB ***","00597-0153-30","-51690","22","1380","32200.00","10983.10","-193.18%","-65.89%","0","30"
"ATORVASTATIN 10MG TABLET","70377-0077-13","-7464","22","1380","4803.66","92.66","-5084.18%","-98.07%","0","1000"
"LISINOPRIL 40MG TABLET","68180-0979-03","-34189","17","1350","1789.79","61.42","-2814.02%","-96.57%","0","1000"
"ALBUTEROL SULFATE (2.5 MG/3ML) 0.083% INHALATION NEBULIZATION SOLUTION","76204-0200-30","-44910","8","1350","515.10","122.67","-319.91%","-76.19%","0","90"
"HYDROCHLOROTHIAZIDE 25MG TABLET","23155-0008-10","-53695","18","1320","26.97","6.65","-305.56%","-75.34%","0","1000"
"OMEPRAZOLE 20MG CAPSULE DR","00781-2868-10","-55570","28","1286","4919.90","76.82","-6304.45%","-98.44%","0","1000"
"IBUPROFEN 600 MG TABLET","69367-0395-05","-5861","29","1255","590.97","137.00","-331.36%","-76.82%","0","500"
"PANTOPRAZOLE 40MG TAB ***","65862-0560-99","-54942","25","1230","4534.92","123.06","-3585.13%","-97.29%","0","1000"
"LOSARTAN 100MG TABLET","65862-0203-99","-57731","14","1140","3021.50","99.02","-2951.4%","-96.72%","0","1000"
"FLUTICASONE 50MCG (NASAL) SUSPENSION","60505-0829-01","-41408","66","1120","4177.60","730.75","-471.69%","-82.51%","0","16"
"JARDIANCE 10MG TAB ***","00597-0152-30","-44246","15","1110","25530.00","9412.24","-171.24%","-63.13%","0","30"
"PROMETHAZINE HCL 6.25 MG/5ML ORAL SOLUTION","70752-0138-12","-10451","5","1093","95.39","59.72","-59.73%","-37.39%","0","473"
"ROSUVASTATIN 40MG TABLET","70377-0009-13","-34830","15","1050","9660.00","175.89","-5392.07%","-98.18%","0","500"
"METOPROLOL SUCCINATE ER 100MG TABLET","70010-0782-05","-3990","11","1050","1711.16","198.03","-764.09%","-88.43%","0","500"
"TRAZODONE 50MG TABLET","50111-0560-03","-30203","16","1035","569.49","60.79","-836.82%","-89.33%","0","1000"
"JANUVIA 100MG TAB","00006-0277-31","-32818","12","1020","21760.00","5798.21","-275.29%","-73.35%","0","30"
"JANUMET 50-1000MG TABLET","00006-0577-61","-36660","7","1020","10880.00","5293.53","-105.53%","-51.35%","0","60"
"CLOPIDOGREL BISULFATE 75 MG ORAL TABLET","43598-0121-05","-4676","13","990","5926.70","99.20","-5874.5%","-98.33%","0","500"
"AMLODIPINE 2.5MG TABLET","67877-0197-10","-28880","11","990","1980.00","29.52","-6607.32%","-98.51%","0","1000"
"VASCEPA 1GM CAPSULE","52937-0001-20","-26820","6","990","3006.14","2751.98","-9.24%","-8.45%","0","120"
"OXYCODONE-ACETAMINOPHEN 10-325MG TABLET","47781-0230-01","61","9","975","2977.34","181.35","-1541.76%","-93.91%","0","100"
"ROSUVASTATIN 20MG TABLET","68462-0263-10","-4080","13","930","7154.09","87.66","-8061.18%","-98.77%","0","1000"
"TRIAMCINOLONE ACETONIDE 0.1% CREAM","67877-0251-45","-25424","2","908","43.86","27.13","-61.67%","-38.14%","0","454"
"SPIRONOLACTONE 25MG TABLET","68382-0660-10","-4275","15","900","334.88","90.71","-269.18%","-72.91%","0","1000"
"LISINOPRIL 10MG TABLET","68180-0980-03","-26623","12","900","619.89","39.43","-1472.13%","-93.64%","0","1000"
"GABAPENTIN 100MG CAPSULE","67877-0222-10","-74795","16","879","327.97","24.25","-1252.45%","-92.61%","0","1000"
"MONTELUKAST 10MG TAB ***","29300-0220-10","-5610","17","870","4227.33","117.48","-3498.34%","-97.22%","0","1000"
"FOLIC ACID 1MG TABLET **","69315-0127-10","-31220","14","840","84.00","148.92","43.59%","77.29%","0","1000"
"CARVEDILOL 25 MG TABLET ***","72888-0037-00","-4770","6","840","1543.68","30.55","-4952.96%","-98.02%","0","1000"
"OMEGA-3-ACID ETHYL ESTERS 1 GM ORAL CAPSULE","65162-0034-16","-13560","6","840","1715.92","157.85","-987.06%","-90.8%","0","120"
"METOPROLOL TARTRATE 25MG TABLET","57237-0100-99","-12330","5","840","175.19","25.31","-592.18%","-85.55%","0","1000"
"DAPAGLIFLOZIN PROPANEDIOL 10MG TABLET","66993-0457-30","-1590","11","810","15412.41","4909.37","-213.94%","-68.15%","0","30"
"IBUPROFEN 800MG TAB ****","67877-0321-05","-20252","18","784","441.80","72.22","-511.74%","-83.65%","0","500"
"LOSARTAN 50MG TABLET","65862-0202-99","-45024","12","780","1517.70","71.18","-2032.2%","-95.31%","0","1000"
"EZETIMIBE 10MG TABLET***","67877-0490-05","-37611","10","780","6896.50","137.56","-4913.45%","-98.01%","0","500"
"ESCITALOPRAM 10MG TABLET","13668-0136-10","-18130","13","765","2846.50","79.68","-3472.41%","-97.2%","0","1000"
"METOPROLOL SUCCINATE 50MG TABLET ER","45963-0676-96","-40237","9","750","679.67","86.91","-682.04%","-87.21%","0","1000"
"ROSUVASTATIN 10 MG ORAL TABLET","69367-0360-05","-2260","9","750","5555.58","71.37","-7684.2%","-98.72%","0","500"
"LOSARTAN HCTZ 100-25MG TABLET","00093-7368-10","-12314","9","750","2198.00","121.95","-1702.38%","-94.45%","0","1000"
"LOSARTAN POTASSIUM 25MG TABLET","68180-0376-03","-37355","13","720","1041.84","42.24","-2366.48%","-95.95%","0","1000"
"LOSARTAN-HCTZ 50-12.5 MG TABLET","33342-0050-44","-9960","10","720","1548.65","70.15","-2107.63%","-95.47%","0","1000"
"LINZESS 290MCG CAP ***","00456-1202-30","-11850","12","720","14400.00","6441.84","-123.54%","-55.26%","0","30"
"NA SULFATE-K SULFATE-MG SULF 17.5-3.13-1.6 GM/177ML ORAL SOLUTION","67877-0725-92","-9558","2","708","202.44","102.16","-98.16%","-49.54%","0","354"
"FAMOTIDINE 40MG TABLET","70756-0052-12","-5234","13","690","2778.12","53.47","-5095.66%","-98.08%","0","1000"
"AMMONIUM LACTATE 12 % EXTERNAL LOTION","51672-1300-05","-26725","3","675","180.00","29.86","-502.81%","-83.41%","0","225"
"ALBUTEROL SULFATE HFA 108 (90 BASE)MCG/ACT AEROSOL","68180-0963-01","-22186","61","663","6630.00","1450.67","-357.03%","-78.12%","0","8.5"
"GLIPIZIDE 10MG TAB ***","60505-0142-01","-14776","6","660","261.51","14.71","-1677.77%","-94.37%","0","1000"
"NIFEDIPINE 60MG TABLET ER","50742-0261-03","-17733","8","630","1228.02","109.47","-1021.79%","-91.09%","0","300"
"ACCU-CHEK GUIDE IN VITRO STRIP","65702-0711-10","-5900","4","600","247.68","228.09","-8.59%","-7.91%","0","50"
"LANCETS PRODIGY","08484-0810-28","-136900","4","600","61.32","55.79","-9.91%","-9.02%","0","100"
"SODIUM CHLORIDE 0.9 % INHALATION NEBULIZATION SOLUTION","76204-0300-03","-29700","2","600","47.30","39.66","-19.26%","-16.15%","0","300"
"LISINOPRIL 20MG TABLET","68180-0981-03","-28415","8","600","600.00","44.72","-1241.68%","-92.55%","0","1000"
"HYDROXYZINE HCL 25MG TABLET","23155-0501-10","-15823","8","570","317.56","53.01","-499.06%","-83.31%","0","1000"
"GABAPENTIN 400MG CAP ***","67877-0224-05","-3480","7","570","640.80","38.81","-1551.12%","-93.94%","0","500"
"SIMVASTATIN 40MG TABLET","16729-0006-17","-21538","7","570","2802.75","65.93","-4151.1%","-97.65%","0","1000"
"LISINOPRIL-HCTZ 20-12.5MG TAB ***","68180-0519-02","-13230","6","570","483.99","36.12","-1239.95%","-92.54%","0","500"
"CYCLOBENZAPRINE 10MG TABLET","72888-0014-00","-4075","10","565","530.35","52.66","-907.12%","-90.07%","0","1000"
"CLOTRIMAZOLE-BETAMETHASONE 1-0.05 % EXTERNAL CREAM","00168-0258-46","-15660","11","540","1200.00","223.59","-436.7%","-81.37%","0","45"
"SACUBITRIL-VALSARTAN 97-103 MG ORAL TABLET","72205-0282-60","-3180","3","540","6341.58","304.20","-1984.67%","-95.2%","0","60"
"FINASTERIDE 5MG TAB ***","16729-0090-16","-23396","8","540","1181.65","36.03","-3179.63%","-96.95%","0","500"
"KERENDIA 10 MG TABLET","50419-0540-01","-9600","6","540","13140.00","12198.57","-7.72%","-7.16%","0","30"
"CARVEDILOL 3.125MG TAB ***","68382-0092-05","-12450","4","510","1224.00","5.58","-21835.48%","-99.54%","0","500"
"METFORMIN ER 500MG TABLET **","67877-0159-05","-2670","5","510","339.71","41.32","-722.14%","-87.84%","0","500"
"BACLOFEN 10MG TAB ***","00172-4096-80","-15325","8","510","992.26","36.63","-2608.87%","-96.31%","0","1000"
"HYDRALAZINE HCL 25 MG TABLET","23155-0833-10","-3270","4","510","222.36","20.95","-961.38%","-90.58%","0","1000"
"CHLORTHALIDONE 25MG TABLET","70756-0011-12","-2175","7","510","529.26","86.10","-514.7%","-83.73%","0","1000"
"ATOVAQUONE 750 MG/5ML ORAL SUSPENSION","31722-0629-21","-5730","2","510","3293.24","323.34","-918.51%","-90.18%","0","210"
"FUROSEMIDE 20MG TAB ***","69315-0116-10","-11510","8","490","48.02","45.32","-5.96%","-5.62%","0","1000"
"SACUBITRIL-VALSARTAN 24-26 MG ORAL TABLET","72205-0280-60","-6480","3","480","5623.36","620.74","-805.91%","-88.96%","0","60"
"ELIQUIS 2.5MG TAB ***","00003-0893-21","-16532","4","480","5200.00","1988.51","-161.5%","-61.76%","0","60"
"TRELEGY ELLIPTA 200-62.5-25 MCG/ACT INHALATION AER","00173-0893-10","-6840","4","480","5118.00","5211.22","1.79%","1.82%","0","60"
"LACTULOSE ENCEPHALOPATHY 10 GM/15ML ORAL SOLUTION","64980-0592-48","-9460","1","473","29.84","16.05","-85.92%","-46.21%","0","473"
"HYDROCORTISONE 1 % EXTERNAL CREAM","00168-0015-16","-907.2001","1","453.6","61.92","27.09","-128.57%","-56.25%","0","453.6"
"HYDROCHLOROTHIAZIDE 12.5MG CAPSULE","50228-0146-10","-25800","5","450","155.90","30.51","-410.98%","-80.43%","0","1000"
"LISINOPRIL 5MG TABLET","68180-0513-03","-16740","4","450","299.89","14.74","-1934.53%","-95.08%","0","1000"
"LANTUS SOLOSTAR 100UNIT/ML INJECTION******","00088-2219-05","-5706","28","435","15370.00","2643.86","-481.35%","-82.8%","0","15"
"SUCRALFATE 1GM TAB ***","00093-2210-05","-5446","3","420","281.10","54.29","-417.77%","-80.69%","0","500"
"GLIPIZIDE ER 10MG TABLET","59651-0782-05","-2220","5","420","290.88","59.46","-389.2%","-79.56%","0","500"
"LISINOPRIL-HCTZ 20-25MG TAB ***","68180-0520-02","-13820","6","420","361.02","22.26","-1521.83%","-93.83%","0","500"
"SIMVASTATIN 10MG TABLET","70377-0002-15","-9660","6","420","1016.96","8.79","-11469.51%","-99.14%","0","1000"
"TOPIRAMATE 25MG TABLET","68382-0138-05","-7484","5","420","922.79","33.25","-2675.31%","-96.4%","0","500"
"SACUBITRIL-VALSARTAN 24-26 MG ORAL TABLET","72205-0280-18","-1380","3","420","4920.46","272.51","-1705.61%","-94.46%","0","180"
"DONEPEZIL 5MG TAB ***","43547-0275-11","-12048","6","420","3696.00","15.80","-23292.41%","-99.57%","0","1000"
"CARVEDILOL 6.25MG TAB ***","68382-0093-05","-33868","3","420","1008.00","6.92","-14466.47%","-99.31%","0","500"
"TRAZODONE 100MG TABLET","50111-0561-03","-19495","8","405","381.78","49.07","-678.03%","-87.15%","0","1000"
"IBUPROFEN 400MG TABLET","67877-0319-05","-6448","9","400","95.76","73.22","-30.78%","-23.54%","0","500"
"FREESTYLE LITE TEST  STRIP*****","99073-0708-22","-31150","3","400","1600.00","522.62","-206.15%","-67.34%","0","50"
"PEN NEEDLES 32G X 4 MM","56151-2114-01","-7080","3","400","72.24","113.00","36.07%","56.42%","0","100"
"ALBUTEROL HFA 108  MCG/AC (VENTOLIN 18GM) ***","66993-0019-68","-25182","16","396","1760.00","573.14","-207.08%","-67.44%","0","18"
"ALFUZOSIN HCL ER 10 MG TABLET","29300-0155-01","-4982","7","391","1876.80","30.24","-6106.35%","-98.39%","0","100"
"SYSTANE PRESERVATIVE FREE 0.4-0.3 % OPHTHALMIC SOLUTION","00065-0431-33","-7860","11","390","140.14","165.78","15.47%","18.3%","0","30"
"MELOXICAM 15MG TAB ***","69097-0159-12","-18293","14","390","1322.36","23.12","-5619.55%","-98.25%","0","500"
"LINZESS 145MCG CAPSULE***","00456-1201-30","-13800","11","390","8450.00","3450.29","-144.91%","-59.17%","0","30"
"TORSEMIDE 20MG TABLET","50111-0917-03","-26754","4","390","275.36","118.70","-131.98%","-56.89%","0","1000"
"LOSARTANHCTZ 100-12.5 MG TABLET","33342-0051-44","-8400","5","390","1142.70","38.74","-2849.66%","-96.61%","0","1000"
"ESCITALOPRAM 20MG TABLET","43547-0282-11","-6098","11","390","1233.96","91.01","-1255.85%","-92.62%","0","1000"
"MEMANTINE 5MG TABLET","61442-0192-05","-2222","6","390","2043.44","68.24","-2894.49%","-96.66%","0","500"
"GLIPIZIDE 5MG TAB ***","60505-0141-01","-14112","4","390","86.28","11.05","-680.81%","-87.19%","0","1000"
"ZOLPIDEM TARTRATE 10MG TAB ***","13668-0008-05","425","13","375","1214.12","31.99","-3695.31%","-97.37%","0","500"
"AMOXICILLIN 500 MG CAPSULE","57237-0031-05","-1467","18","372","121.86","62.63","-94.57%","-48.6%","0","500"
"PIOGLITAZONE 30MG TABLET","57237-0220-05","-10216","6","360","3314.91","21.45","-15354.13%","-99.35%","0","500"
"POTASSIUM ER 20MEQ TABLET","00832-5325-10","-7833","4","360","194.23","49.14","-295.26%","-74.7%","0","1000"
"MECLIZINE HCL 25MG TABLET","59746-0121-10","-10874","7","360","124.23","64.66","-92.13%","-47.95%","0","1000"
"CLINDAMYCIN PHOSPHATE 1 % EXTERNAL LOTION","21922-0036-01","-3720","5","360","1080.00","108.56","-894.84%","-89.95%","0","60"
"LEVOCETIRIZINE 5MG TABLET","31722-0551-90","-7102","5","360","952.48","32.79","-2804.79%","-96.56%","0","90"
"CETIRIZINE HCL 1 MG/ML ORAL SOLUTION","51672-4070-08","-26040","1","360","94.17","17.77","-429.94%","-81.13%","0","120"
"BREO ELLIPTA 100-25 MCG/ACT INH AEROSOL","00173-0859-10","-9960","4","360","2448.06","2277.80","-7.47%","-6.95%","0","60"
"SACUBITRIL-VALSARTAN 49-51 MG ORAL TABLET","72205-0281-18","-1260","2","360","4222.66","545.80","-673.66%","-87.07%","0","180"
"LEVOTHYROXINE 112MCG TABLET","68180-0970-03","-8220","4","360","201.16","74.41","-170.34%","-63.01%","0","1000"
"ICOSAPENT ETHYL 1GM CAPSULE","60505-4033-01","-13680","1","360","973.50","175.31","-455.3%","-81.99%","0","120"
"ROBAFEN DM 20-200 MG/20ML ORAL LIQUID","00904-7223-20","-48734","1","354","4.98","14.31","65.2%","187.35%","0","118"
"IBUPROFEN 800MG TABLET","49483-0604-50","-12321","4","342","245.26","37.61","-552.11%","-84.67%","0","500"
"LOSARTAN-HCTZ 100-25MG TABLET","43547-0424-09","-13394","5","330","967.01","29.59","-3168.03%","-96.94%","0","90"
"PIOGLITAZONE 15MG TABLET","57237-0219-05","-10868","5","330","1988.14","20.93","-9399%","-98.95%","0","500"
"CLOTRIMAZOLE 1 % SOLUTION ***","52817-0800-30","-18720","10","330","1100.00","315.77","-248.35%","-71.29%","0","30"
"LEVOTHYROXINE 88MCG TABLET","68180-0968-03","-13132","5","330","158.26","71.93","-120.02%","-54.55%","0","1000"
"DICLOFENAC SOD 50MG TAB DR ***","61442-0102-01","-5360","6","330","233.09","61.45","-279.32%","-73.64%","0","100"
"METFORMIN HCL 850 MG ORAL TABLET","70010-0064-05","-5460","3","330","339.72","17.01","-1897.18%","-94.99%","0","500"
"LEVOTHYROXINE 75MCG TABLET","68180-0967-03","-15326","5","330","155.54","74.62","-108.44%","-52.03%","0","1000"
"VITAMIN D 50 000 U CAPSULE","64380-0737-06","-10015","44","317","1268.00","342.65","-270.06%","-72.98%","0","100"
"QUETIAPINE FUMARATE 100MG TABLET","67877-0250-01","-4290","7","315","1858.26","39.72","-4578.4%","-97.86%","0","100"
"DULOXETINE 60MG CAPSULE DR","68180-0296-03","-822","5","300","2025.70","66.85","-2930.22%","-96.7%","0","1000"
"JANUMET 50-500 MG ORAL TABLET","00006-0575-61","-2040","3","300","1702.80","1586.48","-7.33%","-6.83%","0","60"
"BUSPIRONE 10MG TABLET","23155-0024-05","-11220","5","300","336.60","19.08","-1664.15%","-94.33%","0","500"
"GABAPENTIN 600MG TABLET","65862-0523-05","-31342","4","300","651.77","32.81","-1886.5%","-94.97%","0","500"
"CYCLOSPORINE 0.05 % OPHTHALMIC EMULSION","00378-8760-91","-3900","3","300","3164.90","634.53","-398.78%","-79.95%","0","60"
"METHYLIN 5 MG/5ML ORAL SOLUTION","59630-0750-50","300","1","300","47.64","32.79","-45.29%","-31.17%","0","500"
"ALCOHOL PADS EASY COMFORT  ALPINE *****","91237-0001-28","-26200","2","300","180.00","52.98","-239.75%","-70.57%","0","100"
"TOPIRAMATE 50MG TAB ***","68382-0139-05","-10014","5","300","1315.50","29.27","-4394.36%","-97.77%","0","500"
"BUPROPION HCL ER (XL) 300MG TABLET","69097-0072-12","-1320","6","300","1230.18","66.82","-1741.04%","-94.57%","0","500"
"CARVEDILOL 12.5MG TABLET","72888-0036-00","-3230","3","300","512.71","16.23","-3059.03%","-96.83%","0","1000"
"AMOXICILLIN 400MG/5ML FOR SUSPENSION","00093-4161-73","-12250","2","300","60.00","30.44","-97.11%","-49.27%","0","100"
"SERTRALINE 50MG TABLET","65862-0012-05","-8523","8","300","734.89","32.69","-2148.06%","-95.55%","0","500"
"LANCETS EASY COMFORT","91237-0001-16","-56200","2","300","165.00","95.42","-72.92%","-42.17%","0","100"
"JANUVIA 50MG TABLET","00006-0112-31","-11520","4","300","6400.00","1785.67","-258.41%","-72.1%","0","30"
"ONDANSETRON 8MG TAB ***","65862-0188-30","-3533","4","293","8265.53","17.51","-47104.63%","-99.79%","0","30"
"AMOXICILLIN 500MG TABLET","57237-0028-01","-895","5","292","125.05","35.06","-256.67%","-71.96%","0","100"
"CLONAZEPAM 2MG TABLET","59651-0724-05","544","4","290","295.32","27.98","-955.47%","-90.53%","0","500"
"NAPROXEN 500MG TABLET","65862-0522-05","-31703","6","284","276.47","37.64","-634.51%","-86.39%","0","500"
"BISOPROLOL-HCTZ 10-6.25MG TABLET","00378-0505-01","-4050","5","270","320.31","60.77","-427.09%","-81.03%","0","100"
"METFORMIN HCL ER 750 MG TABLET","67877-0414-01","-3330","2","270","277.48","33.02","-740.34%","-88.1%","0","100"
"MIRTAZAPINE 15MG TABLET","13107-0031-05","-13389","9","270","626.94","61.21","-924.24%","-90.24%","0","500"
"TRETINOIN 0.025 % EXTERNAL CREAM","51672-1407-09","-3870","6","270","1246.44","348.87","-257.28%","-72.01%","0","45"
"SERTRALINE 100MG TABLET","65862-0013-05","-10585","8","270","661.40","14.38","-4499.44%","-97.83%","0","500"
"DICYCLOMINE HCL 20 MG ORAL TABLET","69452-0311-32","-1320","3","270","165.87","32.44","-411.31%","-80.44%","0","1000"
"XARELTO 20MG TAB","50458-0579-30","-8610","3","270","6300.00","2833.62","-122.33%","-55.02%","0","30"
"METFORMIN ER 500MG TAB ***","62756-0142-02","-36360","3","270","140.81","19.12","-636.45%","-86.42%","0","500"
"VALSARTAN 80MG TABLET","00378-5813-77","-3090","4","270","1125.60","77.70","-1348.65%","-93.1%","0","90"
"METOPROLOL TARTRATE 50MG TABLET","57237-0101-99","-6920","3","270","126.39","14.92","-747.12%","-88.2%","0","1000"
"CREON 36000UNIT CAPSULE","00032-3016-13","-3780","1","270","3699.00","3347.84","-10.49%","-9.49%","0","100"
"VALSARTAN 320MG TABLET","00378-5815-77","-7932","3","270","1531.14","125.01","-1124.81%","-91.84%","0","90"
"VERAPAMIL ER 240MG TABLET","68462-0260-05","-5640","3","270","291.24","22.47","-1196.13%","-92.28%","0","500"
"CICLOPIROX 0.77% CREAM ***","51672-1318-08","-3510","3","270","259.89","98.36","-164.22%","-62.15%","0","90"
"OLMESARTAN 40MG TABLET","68462-0438-90","-5310","3","270","2230.74","43.39","-5041.14%","-98.05%","0","90"
"CARBIDOPA-LEVODOPA 25-100 MG TABLET ***","00093-9702-10","-19665","1","270","243.00","27.34","-788.81%","-88.75%","0","1000"
"METFORMIN 750MG TABLET ER","51224-0107-60","-7650","2","270","250.13","12.90","-1838.99%","-94.84%","0","500"
"VALSARTAN-HCTZ 160-12.5MG TABLET","00378-6322-77","-2100","3","270","992.37","57.04","-1639.78%","-94.25%","0","90"
"BENZONATATE 100MG CAPSULE NYM","42806-0714-05","-1160","6","262","511.36","79.44","-543.71%","-84.46%","0","500"
"CLOBETASOL PROPIONATE 0.05 % SOLUTION","33342-0321-86","-3500","5","250","2000.00","227.26","-780.05%","-88.64%","0","50"
"TRELEGY ELLIPTA 100-62.5-25MCG/INH AEROSOL","00173-0887-10","-17760","2","240","2253.48","2535.04","11.11%","12.49%","0","60"
"MYRBETRIQ 50MG TABLET***","00469-2602-30","-7200","4","240","4800.00","3556.00","-34.98%","-25.92%","0","30"
"FLUTICASONE-SALMETEROL 250-50 MCG/ACT INH AEROSOL","00054-0327-56","-15720","4","240","1544.84","247.49","-524.2%","-83.98%","0","60"
"LEVETIRACETAM 500MG TAB ***","31722-0537-05","-15075","2","240","725.35","36.32","-1897.11%","-94.99%","0","500"
"LEVOTHYROXINE 125MCG TABLET","68180-0971-03","-8778","4","240","135.98","58.46","-132.6%","-57.01%","0","1000"
"PROPRANOLOL 10MG TABLET ***","69238-2077-01","-9672","4","240","84.12","29.94","-180.96%","-64.41%","0","100"
"ROSUVASTATIN 5MG TABLET","70377-0006-13","-8010","4","240","1846.22","17.27","-10590.33%","-99.06%","0","500"
"PROPRANOLOL HCL 20 MG ORAL TABLET","69238-2078-07","-1860","3","240","99.90","31.47","-217.45%","-68.5%","0","1000"
"FLUOCINONIDE 0.05% EXTERNAL SOLUTION","51672-1273-04","-10320","4","240","398.68","102.99","-287.11%","-74.17%","0","60"
"RYBELSUS 14MG TABLET","00169-4314-30","-5998","4","240","7725.68","7652.32","-0.96%","-0.95%","0","30"
"TRIAMCINOLONE ACETONIDE 0.1 % EXTERNAL CREAM","21922-0062-15","-1840","3","240","32.49","12.65","-156.84%","-61.06%","0","80"
"TRIAMCINOLONE ACETONIDE 0.025 % EXTERNAL CREAM ***","45802-0063-36","-8160","3","240","26.07","23.19","-12.42%","-11.05%","0","80"
"LEVETIRACETAM 750MG TABLET","31722-0538-12","-8010","3","240","799.84","35.84","-2131.7%","-95.52%","0","120"
"PROMETHAZINE HCL 6.25 MG/5ML ORAL SOLUTION","00121-1854-16","-240","1","240","20.95","6.91","-203.18%","-67.02%","0","473"
"CICLOPIROX 1 % EXTERNAL SHAMPOO","45802-0401-09","-2040","2","240","200.00","57.89","-245.48%","-71.06%","0","120"
"ROBAFEN DM 20-200 MG/20ML ORAL LIQUID","00904-7223-59","-2132","1","236","2.54","13.72","81.49%","440.16%","0","237"
"MUPIROCIN 2 % EXTERNAL OINTMENT","51672-1312-01","-5340","8","225","219.90","84.97","-158.8%","-61.36%","0","15"
"LEVALBUTEROL HCL 0.63 MG/3ML INHALATION NEBULIZATION SOLUTION","76204-0800-25","-1350","1","225","129.00","40.31","-220.02%","-68.75%","0","75"
"POTASSIUM CHLORIDE 10MEQ TABLET ER","00832-5324-11","-1323","2","222","113.80","26.66","-326.86%","-76.57%","0","100"
"CYCLOBENZAPRINE 5MG TABLET","72888-0012-05","-1153","8","213","300.53","14.54","-1966.92%","-95.16%","0","500"
"RYBELSUS 7MG TABLET","00169-4307-30","-7430","3","210","7700.00","6775.17","-13.65%","-12.01%","0","30"
"SYNJARDY 5-1000MG TABLET XR","00597-0290-74","-1920","2","210","2143.01","1186.30","-80.65%","-44.64%","0","60"
"ESCITALOPRAM 5MG TABLET","13668-0135-10","-5460","3","210","747.30","8.86","-8334.54%","-98.81%","0","1000"
"ENALAPRIL 5MG TABLET","23155-0705-10","-5730","3","210","334.35","30.03","-1013.39%","-91.02%","0","1000"
"SERTRALINE 25MG TABLET","65862-0011-05","-8300","7","210","514.43","56.93","-803.62%","-88.93%","0","500"
"LEVOTHYROXINE 100MCG TABLET","68180-0969-03","-15840","5","210","101.49","57.54","-76.38%","-43.3%","0","1000"
"OXYCODONE HCL 10 MG ORAL TABLET","10702-0056-01","493","3","210","112.88","25.05","-350.62%","-77.81%","0","100"
"GEMTESA 75MG TABLET","73336-0075-30","-5940","5","210","3410.82","3391.14","-0.58%","-0.58%","0","30"
"MIRTAZAPINE 7.5MG TABLET","57664-0510-83","-6034","3","210","387.03","68.99","-460.99%","-82.17%","0","30"
"FUROSEMIDE 40 MG TABLET","69315-0117-10","-1054","2","210","28.81","21.85","-31.85%","-24.16%","0","1000"
"NIFEDIPINE 30MG TABLET ER","50742-0260-03","-12549","3","210","236.64","46.33","-410.77%","-80.42%","0","300"
"CALCIUM CARBONATE 500MG TABLET CHEWABLE","00536-1007-15","-12730","2","210","4.06","23.60","82.8%","481.28%","0","150"
"LEVOTHYROXINE 25MCG TABLET","68180-0965-03","-10768","3","210","78.91","26.70","-195.54%","-66.16%","0","1000"
"QUETIAPINE 25MG TABLET","67877-0242-01","-10087","2","210","722.32","39.52","-1727.73%","-94.53%","0","100"
"GABAPENTIN 800 MG TABLET","65862-0524-05","-960","2","210","547.40","24.33","-2149.9%","-95.56%","0","500"
"OXYBUTYNIN CHLORIDE 5MG TABLET","70954-0005-30","-2047","2","210","137.32","29.65","-363.14%","-78.41%","0","1000"
"LIDOCAINE VISCOUS 2 % ORAL SOLUTION","00054-3500-49","-6200","1","200","22.70","11.64","-95.02%","-48.72%","0","100"
"LATANOPROST 0.005 % OPHTHALMIC SOLUTION","59762-0333-02","-1632.5","48","197.5","6472.47","381.83","-1595.12%","-94.1%","0","2.5"
"METRONIDAZOLE 500MG TABLET","72578-0008-05","-2200","6","196","116.57","41.07","-183.83%","-64.77%","0","500"
"JUNEL FE 1/20 1-20MG TABLET****","00555-9026-58","-5600","3","196","1400.00","46.26","-2926.37%","-96.7%","0","28"
"DOXYCYCLINE HYCLATE 100MG CAPSULE*****","00143-9803-05","-7927","4","192","913.48","49.51","-1745.04%","-94.58%","0","500"
"CYPROHEPTADINE HCL 2MG/5ML SYRUP","64980-0504-48","-6048","2","190","18.09","3.72","-386.29%","-79.44%","0","473"
"SOLIFENACIN SUCCINATE 10MG TABLET","68462-0387-30","-3356","4","180","2267.70","93.86","-2316.05%","-95.86%","0","30"
"ALLOPURINOL 100 MG TABLET","00378-0137-10","-5473","4","180","108.00","19.81","-445.18%","-81.66%","0","1000"
"FENOFIBRATE 145MG TAB ***","69097-0458-05","-2910","2","180","721.86","36.92","-1855.2%","-94.89%","0","90"
"CLONAZEPAM 1MG TABLET","00093-3212-01","106","4","180","132.37","15.85","-735.14%","-88.03%","0","100"
"MOMETASONE FUROATE 0.1 % EXTERNAL CREAM","00713-0634-37","-1575","3","180","280.00","93.42","-199.72%","-66.64%","0","45"
"AZELASTINE HCL 137 MCG/SPRAY NASAL SOLUTION","65162-0676-84","-5160","6","180","751.14","66.36","-1031.92%","-91.17%","0","30"
"QUETIAPINE 50MG TABLET","67877-0249-10","-8926","3","180","1016.96","9.88","-10193.12%","-99.03%","0","1000"
"XIGDUO XR 10-1000MG TABLET","00310-6280-30","-1620","2","180","3203.22","3367.32","4.87%","5.12%","0","30"
"PIOGLITAZONE 45MG TABLET","57237-0221-05","-1740","2","180","1797.70","28.56","-6194.47%","-98.41%","0","500"
"RANOLAZINE ER 1000MG TABLET","67877-0526-60","-2040","1","180","1633.02","72.51","-2152.13%","-95.56%","0","60"
"LEVETIRACETAM 1000MG TAB ***","31722-0539-60","-7830","2","180","886.53","33.80","-2522.87%","-96.19%","0","60"
"TIZANIDINE 2MG TABLET","57664-0502-89","-5898","5","180","189.12","34.09","-454.77%","-81.97%","0","150"
"BUPROPION HCL ER (XL) 150MG","68180-0319-02","-10529","5","180","738.90","41.44","-1683.06%","-94.39%","0","500"
"PRIMIDONE 250 MG ORAL TABLET","53746-0545-01","-540","1","180","154.19","52.07","-196.12%","-66.23%","0","100"
"METHIMAZOLE 10MG TAB ***","23155-0071-01","-5910","1","180","96.77","33.35","-190.16%","-65.54%","0","100"
"LITHIUM CARBONATE ER 45 MG TABLET","64980-0278-01","-420","1","180","71.78","55.25","-29.92%","-23.03%","0","100"
"DULOXETINE 30MG  CAPSULE DR","68180-0295-03","-1200","5","180","1215.42","43.52","-2692.78%","-96.42%","0","1000"
"LEVOTHYROXINE 50MCG TABLET","68180-0966-03","-9900","4","180","76.79","44.31","-73.3%","-42.3%","0","1000"
"TICAGRELOR 90 MG ORAL TABLET","67877-0491-60","-3720","1","180","1290.66","73.41","-1658.15%","-94.31%","0","60"
"WIXELA INHUB 500-50 MCG/ACT INH AEROSOL","00378-9322-32","-3180","1","180","1523.82","243.81","-525%","-84%","0","60"
"GLIPIZIDE ER 5 MG ORAL TABLET EXTENDED RELEASE 24 HOUR","59651-0781-05","-185","2","180","62.94","9.86","-538.34%","-84.33%","0","500"
"ENTECAVIR 0.5 MG ORAL TABLET","31722-0833-30","-315","2","180","6878.10","167.62","-4003.39%","-97.56%","0","30"
"ATENOLOL 100 MG TABLET","65862-0170-99","-630","2","180","193.74","15.12","-1181.35%","-92.2%","0","1000"
"URSODIOL 500MG TABLET","64380-0919-06","-3360","1","180","900.00","74.49","-1108.22%","-91.72%","0","100"
"TORSEMIDE 100MG TABLET","31722-0532-01","-6674","2","180","383.04","42.88","-793.28%","-88.81%","0","100"
"CLOBETASOL PROPIONATE 0.05% OINTMENT","51672-1259-03","-6420","3","180","1800.00","483.92","-271.96%","-73.12%","0","60"
"OXYCODONE 15 MG TABLET ***","47781-0264-05","720","2","180","293.32","25.46","-1052.08%","-91.32%","0","500"
"SACUBITRIL-VALSARTAN 49-51 MG ORAL TABLET","43598-0644-18","-780","1","180","2108.77","129.00","-1534.71%","-93.88%","0","180"
"GLIPIZIDE 5MG TABLET ER","59651-0269-05","-9631","1","180","62.94","23.94","-162.91%","-61.96%","0","500"
"GABAPENTIN 800 MG ORAL TABLET","82619-0146-02","-360","2","180","25.36","13.20","-92.12%","-47.95%","0","500"
"GEMFIBROZIL 600MG TAB ***","69097-0821-12","-1860","1","180","291.69","28.27","-931.8%","-90.31%","0","500"
"HYDROXYCHLOROQUINE 200MG TABLET","16729-0485-16","-16140","1","180","630.21","25.62","-2359.84%","-95.93%","0","500"
"WIXELA (ADVAIR) 250-50MCG/DOSE AEROSOL****","00378-9321-32","-720","1","180","1158.63","134.75","-759.84%","-88.37%","0","60"
"PRAVASTATIN 20MG TABLET","00093-7201-10","-2430","2","180","505.74","12.51","-3942.69%","-97.53%","0","1000"
"CELECOXIB 100MG CAP ***","69097-0422-07","-3410","1","180","581.74","3.87","-14932.04%","-99.33%","0","100"
"METOPROLOL TARTRATE 100MG TABLET","57237-0102-99","-2581","1","180","117.85","3.42","-3345.91%","-97.1%","0","1000"
"BUSPIRONE HCL 7.5MG TABLET","72888-0063-01","-2460","1","180","244.64","18.43","-1227.4%","-92.47%","0","100"
"BISOPROLOL 5MG TABLET","29300-0126-01","-4271","2","180","252.48","17.66","-1329.67%","-93.01%","0","100"
"POTASSIUM CHLORIDE 20 MEQ ORAL PACKET","72888-0024-10","-360","1","180","1579.37","124.10","-1172.66%","-92.14%","0","100"
"FLUTICASONE-SALMETEROL 500-50 MCG/ACT INH AEROSOL","00054-0328-56","-2700","1","180","1523.82","507.98","-199.98%","-66.66%","0","60"
"BUTALBITAL-APAP-CAFFEINE 50-325-40 MG ORAL TABLET","70010-0149-01","-160","1","180","261.23","33.76","-673.79%","-87.08%","0","100"
"PROCTO-MED HC 2.5 % EXTERNAL CREAM","69315-0312-28","-3304","4","168","433.44","61.84","-600.91%","-85.73%","0","28"
"TETRACYCLINE HCL 500 MG ORAL CAPSULE","23155-0767-01","-1048","3","168","2275.56","219.60","-936.23%","-90.35%","0","100"
"VARENICLINE TARTRATE 1MG TABLET","49884-0156-76","-616","1","168","1269.54","84.50","-1402.41%","-93.34%","0","56"
"HYDROXYZINE PAMOATE 25 MG ORAL CAPSULE","00185-0674-01","-2355","3","165","42.49","10.13","-319.45%","-76.16%","0","100"
"MELOXICAM 7.5MG TAB ***","69097-0158-15","-3982","4","164","446.86","11.77","-3696.6%","-97.37%","0","1000"
"ETHAMBUTOL HCL 400MG TABLET","68180-0281-01","-948","1","162","202.53","67.20","-201.38%","-66.82%","0","100"
"CICLOPIROX 0.77 % EXTERNAL SUSPENSION","45802-0400-49","-5220","5","150","400.00","158.06","-153.07%","-60.48%","0","30"
"HYDROCORTISONE 2.5% CREAM","00168-0080-31","-14190","5","150","100.00","37.25","-168.46%","-62.75%","0","30"
"DONEPEZIL 10MG TAB ***","43547-0276-11","-16168","3","150","1320.00","10.15","-12904.93%","-99.23%","0","1000"
"OLANZAPINE 5MG TABLET","43598-0164-30","-1201","3","150","1704.85","15.20","-11116.12%","-99.11%","0","30"
"RYBELSUS 3MG TABLET","00169-4303-30","-6120","3","150","5500.00","4836.67","-13.71%","-12.06%","0","30"
"CELECOXIB 200 MG ORAL CAPSULE","69097-0421-12","-1140","4","150","977.86","32.86","-2875.84%","-96.64%","0","500"
"MEMANTINE 10MG TABLET","33342-0298-15","-13470","3","150","786.13","16.75","-4593.31%","-97.87%","0","500"
"PROCTOZONE-HC 2.5% CREAM***","64980-0324-30","-1740","2","150","500.00","44.27","-1029.43%","-91.15%","0","30"
"PAROXETINE 20MG TABLET ***","13107-0155-30","-5520","3","150","277.50","17.24","-1509.63%","-93.79%","0","30"
"ZOLPIDEM TARTRATE 5MG TAB ***","13668-0007-05","553","5","140","453.27","2.11","-21381.99%","-99.53%","0","500"
"LEVOTHYROXINE 175MCG TABLET","68180-0974-01","-2980","2","140","97.02","25.29","-283.63%","-73.93%","0","100"
"NOVOLOG FLEXPEN 100UNIT/ML INJECTION****","00169-6339-10","-2415","10","135","9000.00","1213.69","-641.54%","-86.51%","0","15"
"CLONAZEPAM 0.5MG TABLET","59651-0722-99","979","3","135","86.96","22.27","-290.48%","-74.39%","0","1000"
"BUMETANIDE 0.5 MG ORAL TABLET","00185-0128-01","-1160","2","135","125.66","30.10","-317.48%","-76.05%","0","100"
"TERCONAZOLE 0.4% CREAM","51672-1304-06","-1620","3","135","93.57","90.70","-3.16%","-3.07%","0","45"
"OXYCODONE HCL 5 MG TABLET","47781-0263-05","256","5","131","60.95","34.49","-76.72%","-43.41%","0","500"
"ESTRADIOL 0.1MG/GM CREAM","00093-3541-43","-212.5","3","127.5","1076.85","83.52","-1189.33%","-92.24%","0","42.5"
"OZEMPIC (0.25 OR 0.5 MG/DOSE) 2 MG/3ML PEN-INJECTOR","00169-4181-13","-2985","34","126","40559.82","40816.49","0.63%","0.63%","0","3"
"IPRATROPIUM BROMIDE 0.02 % INHALATION SOLUTION","00378-7970-52","-750","1","125","81.74","13.75","-494.47%","-83.18%","0","62.5"
"VALACYCLOVIR 500MG TABLET","57237-0042-30","-8150","4","121","751.74","38.76","-1839.47%","-94.84%","0","30"
"ENALAPRIL 20MG TABLET","23155-0773-10","-4710","2","120","336.00","11.49","-2824.28%","-96.58%","0","1000"
"CALCIPOTRIENE 0.005 % EXTERNAL OINTMENT","68462-0310-65","-420","2","120","710.00","339.08","-109.39%","-52.24%","0","60"
"GLIPIZIDE ER 5 MG TABLET","64980-0280-01","-720","2","120","41.96","7.03","-496.87%","-83.25%","0","100"
"PENICILLIN V POTASSIUM 250MG TABLET","65862-0175-01","-2760","2","120","47.22","28.13","-67.86%","-40.43%","0","100"
"ENALAPRIL 10MG TABLET","23155-0772-10","-2624","2","120","240.00","11.63","-1963.63%","-95.15%","0","1000"
"NYSTATIN 100000UNIT/GM CREAM","45802-0059-11","-5850","4","120","73.52","42.77","-71.9%","-41.83%","0","30"
"SYNTHROID 125 MCG ORAL TABLET","00074-7068-90","-150","2","120","215.43","202.31","-6.49%","-6.09%","0","90"
"CILOSTAZOL 50MG TABLET","60505-2521-01","-4290","2","120","153.31","7.71","-1888.46%","-94.97%","0","60"
"LIDOCAINE 5% PATCH ***","00591-3525-30","-2940","4","120","1200.00","323.28","-271.2%","-73.06%","0","30"
"IBSRELA 50 MG ORAL TABLET","73154-0050-60","-840","2","120","3686.30","3930.72","6.22%","6.63%","0","60"
"METOCLOPRAMIDE 5MG TABLET","00093-2204-05","-1790","1","120","34.06","3.97","-757.93%","-88.34%","0","500"
"TIZANIDINE 4MG TABLET","57664-0503-18","-7939","4","120","123.08","16.09","-664.95%","-86.93%","0","1000"
"LOKELMA 10GM PACK","00310-1110-30","-4260","4","120","4800.00","3426.72","-40.08%","-28.61%","0","30"
"FLUTICASONE-SALMETEROL 100-50 MCG/ACT INH AEROSOL","00054-0326-56","-4140","2","120","621.68","76.08","-717.14%","-87.76%","0","60"
"VALSARTAN-HCTZ 320-25MG TABLET","00378-6325-77","-4890","2","120","633.96","88.04","-620.08%","-86.11%","0","90"
"MESALAMINE ER 0.375GCAPSULE","68382-0452-19","-3000","1","120","550.52","30.95","-1678.74%","-94.38%","0","120"
"CITALOPRAM 10MG TABLET","69097-0822-12","-6810","2","120","245.92","5.49","-4379.42%","-97.77%","0","500"
"MIRABEGRON ER 25MG TABLET","70710-1159-03","-390","4","120","1710.08","951.74","-79.68%","-44.35%","0","30"
"DAPAGLIFLOZIN PROPANEDIOL 5MG TABLET","66993-0456-30","-420","2","120","2283.32","725.77","-214.61%","-68.21%","0","30"
"PAROXETINE 30MG TABLET","13107-0156-30","-2010","2","120","290.44","8.89","-3167.04%","-96.94%","0","30"
"MYCOPHENOLATE MOFETIL 500MG TAB ***","16729-0019-01","-120","1","120","659.06","99.13","-564.84%","-84.96%","0","100"
"BUDESONIDE 0.5MG/2ML INHALATION SUSPENSION","00093-6816-73","-2640","2","120","571.68","32.54","-1656.85%","-94.31%","0","60"
"ISOSORBIDE MONONITRATE ER 60 MG ORAL TABLET EXTENDED RELEASE 24 HOUR","59651-0540-05","-360","2","120","139.71","9.77","-1329.99%","-93.01%","0","500"
"ALLOPURINOL 300 MG TABLET","55111-0730-05","-4770","2","120","90.51","8.51","-963.57%","-90.6%","0","500"
"BACLOFEN 5 MG ORAL TABLET","72888-0009-01","-2883","3","120","127.51","19.40","-557.27%","-84.79%","0","100"
"TERBINAFINE 250MG TABLET","69097-0859-07","-1996","3","120","1349.34","48.01","-2710.54%","-96.44%","0","100"
"FARXIGA 10MG TABLET****","00310-6210-30","-22288","2","120","2680.00","1469.67","-82.35%","-45.16%","0","30"
"MELOXICAM 15MG TABLET","69097-0159-15","-201","2","120","499.95","12.51","-3896.4%","-97.5%","0","1000"
"TERAZOSIN 2MG CAPSULE","23155-0736-01","-3180","2","120","165.64","9.43","-1656.52%","-94.31%","0","100"
"DULOXETINE 20MG CAPSULE DR","68180-0294-07","-450","2","120","722.23","17.99","-3914.62%","-97.51%","0","60"
"CLINDAMYCIN PHOS 1 % EXTERNAL GEL","45802-0900-96","-420","2","120","200.00","19.97","-901.5%","-90.02%","0","60"
"LACOSAMIDE 200 MG ORAL TABLET","62332-0174-60","180","1","120","1837.76","42.34","-4240.48%","-97.7%","0","60"
"LITHIUM CARBONATE 300MG CAP ***","31722-0545-01","-3577","1","120","14.62","4.87","-200.21%","-66.69%","0","100"
"OLANZAPINE 10MG TABLET","43598-0166-30","-2838","2","120","2389.84","7.55","-31553.51%","-99.68%","0","30"
"ATENOLOL-CHLORTHALIDONE 50-25MG TABLET","70710-1167-01","-6168","2","120","194.37","17.32","-1022.23%","-91.09%","0","100"
"BUDESONIDE 0.5 MG/2ML INHALATION SUSPENSION","00093-6816-55","-2880","1","120","571.68","114.00","-401.47%","-80.06%","0","60"
"LAMOTRIGINE 150MG  TABLET","65862-0229-60","-3330","1","120","537.40","17.94","-2895.54%","-96.66%","0","60"
"OXYCODONE 30MG TABLET","10702-0009-50","20","1","120","370.42","43.09","-759.64%","-88.37%","0","500"
"SERTRALINE HCL 20 MG/ML ORAL CONCENTRATE","71093-0143-11","-120","1","120","116.96","31.86","-267.11%","-72.76%","0","60"
"URSODIOL 300MG CAPSULE","69238-1540-01","-3840","1","120","758.63","44.29","-1612.87%","-94.16%","0","100"
"OSELTAMIVIR PHOSPHATE 6 MG/ML ORAL SUSPENSION RECONSTITUTED","68180-0678-01","-2700","1","120","281.64","28.40","-891.69%","-89.92%","0","60"
"PANTOPRAZOLE 20MG TAB ***","13668-0096-90","-4086","2","120","342.72","7.69","-4356.7%","-97.76%","0","90"
"TRAZODONE 150MG TABLET","50111-0450-02","-3240","2","120","259.28","22.45","-1054.92%","-91.34%","0","500"
"DOXEPIN 10MG CAPSULE","71921-0162-01","-1500","2","120","46.92","18.22","-157.52%","-61.17%","0","100"
"JANUVIA 25MG TABLET","00006-0221-31","-3360","2","120","2560.00","479.11","-434.32%","-81.28%","0","30"
"TRANEXAMIC ACID 650 MG ORAL TABLET","72888-0178-30","-120","1","120","538.72","161.66","-233.24%","-69.99%","0","30"
"HYDROCORTISONE 2.5% OINTMENT","00168-0146-30","-5584.95","4","113.4","80.00","48.64","-64.47%","-39.2%","0","28.35"
"BUDESONIDE/FORMOTEROL 160 /4.5 MCG (SYMBICORT)","00310-7370-20","-3162","9","112.2","4400.00","2143.43","-105.28%","-51.29%","0","10.2"
"DORZOLAMID-TIMOLO 22.3-6.8MG/ML (EYE) ***","24208-0486-10","-5630","10","110","519.64","105.08","-394.52%","-79.78%","0","10"
"WARFARIN SODIUM 2 MG TABLET","00093-1713-01","-1245","3","105","57.72","39.25","-47.06%","-32%","0","100"
"COLCHICINE 0.6MG TABLET","70710-1351-03","-3925","2","105","608.30","71.05","-756.16%","-88.32%","0","30"
"METHYLPREDNISOLONE 4MG (MEDROL) ***","59746-0001-03","-2247","5","105","121.30","22.27","-444.68%","-81.64%","0","21"
"BRIMONIDINE TARTRATE 0.2 % OPHTHALMIC SOLUTION","61314-0143-15","-1595","5","105","589.47","129.09","-356.63%","-78.1%","0","15"
"PREDNISONE 5MG TABLET","64380-0783-06","-5466","4","104","20.21","25.07","19.39%","24.05%","0","100"
"BUDESONIDE-FORMOTEROL FUMARATE 80-4.5MCG/ACT AEROSOL","00310-7372-20","-1152.6","10","102","3031.70","1359.19","-123.05%","-55.17%","0","10.2"
"BENZONATATE 200MG CAPSULE","42806-0715-01","-7207","4","101","505.00","51.24","-885.56%","-89.85%","0","100"
"CLINDAMYCIN PHOS-BENZOYL PEROX 1.2-2.5 % EXTERNAL GEL","45802-0597-01","-2300","2","100","412.80","75.13","-449.45%","-81.8%","0","50"
"LIDOCAINE 5 % EXTERNAL OINTMENT","33342-0405-50","-350","2","100","761.00","21.65","-3415.01%","-97.16%","0","50"
"SILVER SULFADIAZINE 1 % EXTERNAL CREAM","67877-0124-05","-550","2","100","35.70","11.70","-205.13%","-67.23%","0","50"
"TACROLIMUS 0.1% OINTMENT","00168-0416-99","-600","1","100","607.74","390.43","-55.66%","-35.76%","0","100"
"METOCLOPRAMIDE 10MG TAB ***","00093-2203-05","-5612","2","99","22.18","6.83","-224.74%","-69.21%","0","500"
"BREZTRI AEROSPHERE 160-9-4.8 MCG/ACT INHALATION AEROSOL","00310-4616-12","-1572.9","7","96.29998","5817.51","5837.57","0.34%","0.34%","0","10.7"
"SYMBICORT 160-4.5MCG/ACT AEROSOL****","00186-0370-20","-4528.8","7","91.8","7650.00","2093.23","-265.46%","-72.64%","0","10.2"
"LISINOPRIL 2.5MG TABLET","68180-0512-02","-9380","1","90","72.00","0.23","-31204.35%","-99.68%","0","500"
"OLMESARTAN MEDOXOMIL-HCTZ 40-12.5 MG ORAL TABLET","65862-0780-90","-630","1","90","675.50","31.30","-2058.15%","-95.37%","0","90"
"WARFARIN SODIUM 5MG TAB ***","00093-1721-01","-3585","3","90","60.18","37.38","-61%","-37.89%","0","100"
"OLANZAPINE 15MG TABLET","55111-0167-30","-1350","3","90","2312.13","9.51","-24212.62%","-99.59%","0","30"
"TELMISARTAN-AMLODIPINE 40-5 MG ORAL TABLET","00378-1075-93","-90","1","90","441.81","136.14","-224.53%","-69.19%","0","30"
"SYNJARDY XR 12.5-1000 MG TABLET ER","00597-0300-45","-3900","1","90","849.15","513.63","-65.32%","-39.51%","0","60"
"EXEMESTANE 25MG TABLET","71921-0190-33","-1650","3","90","278.64","105.54","-164.01%","-62.12%","0","30"
"ZIPRASIDONE 20MG CAP ***","55111-0256-60","-2310","2","90","797.74","48.86","-1532.71%","-93.88%","0","60"
"AMLODIPINE BENAZEPRIL 10-40MG CAPSULE","55111-0586-01","-540","1","90","374.78","24.33","-1440.4%","-93.51%","0","100"
"ALENDRONATE SODIUM 10 MG ORAL TABLET","64980-0340-01","-314","1","90","226.21","6.48","-3390.9%","-97.14%","0","100"
"CLOTRIMAZOLE 1% CREAM ***","51672-1275-06","-14085","2","90","68.54","14.14","-384.72%","-79.37%","0","45"
"GLYBURIDE-METFORMIN 5-500 MG ORAL TABLET","23155-0235-01","-300","1","90","79.56","5.61","-1318.18%","-92.95%","0","100"
"CEVIMELINE 30MG CAP ***","16571-0657-10","-3780","1","90","450.00","51.92","-766.72%","-88.46%","0","100"
"BISOPROLOL-HYDROCHLOROTHIAZIDE 2.5-6.25 MG ORAL TABLET","00378-0501-01","-540","1","90","106.77","9.13","-1069.44%","-91.45%","0","100"
"IRBESARTAN 150MG TABLET","62332-0042-90","-1890","1","90","237.65","16.55","-1335.95%","-93.04%","0","90"
"IRBESARTAN-HYDROCHLOROTHIAZIDE 300-12.5 MG ORAL TABLET","43547-0331-09","-695","1","90","314.76","15.30","-1957.25%","-95.14%","0","90"
"JANUMET XR 100-1000MG TABLET","00006-0081-31","-2700","1","90","1920.00","938.23","-104.64%","-51.13%","0","30"
"FOSINOPRIL 20MG TAB ***","69097-0857-05","-1380","1","90","74.97","25.34","-195.86%","-66.2%","0","90"
"PRAZOSIN HCL 1 MG ORAL CAPSULE","70377-0066-11","-2314","1","90","69.30","15.28","-353.53%","-77.95%","0","100"
"AMLODIPINE-BENAZEPRIL 5-10MG CAPSULE","65862-0583-05","-2190","1","90","209.53","18.54","-1030.15%","-91.15%","0","500"
"HYDROXYUREA 500MG CAPSULE","69315-0164-01","-3870","1","90","52.01","12.82","-305.69%","-75.35%","0","100"
"MEMANTINE 14MG CAPSULE ER","70436-0055-04","-1240","1","90","1182.66","104.94","-1026.99%","-91.13%","0","30"
"AMITRIPTYLINE HCL 75MG TABLET","57664-0692-88","-270","1","90","83.07","16.24","-411.51%","-80.45%","0","100"
"KERENDIA 20MG TABLET","50419-0541-01","-1680","1","90","1943.04","1918.97","-1.25%","-1.24%","0","30"
"AMLODIPINE VALSARTAN 10-320MG TABLET","00378-1724-93","-3040","1","90","900.00","28.61","-3045.75%","-96.82%","0","30"
"CLOTRIMAZOLE 1 % EXTERNAL CREAM","51672-1275-02","-1020","2","90","135.00","31.04","-334.92%","-77.01%","0","30"
"PREGABALIN 75MG CAPSULE","69238-1312-09","30","1","90","652.28","21.00","-3006.1%","-96.78%","0","90"
"DOXYCYCLINE HYCLATE 20 MG ORAL TABLET","42806-0362-01","-1020","2","90","57.16","10.34","-452.8%","-81.91%","0","100"
"MIRABEGRON ER 50 MG ORAL TABLET EXTENDED RELEASE 24 HOUR","70710-1160-03","-270","1","90","1282.56","850.08","-50.88%","-33.72%","0","30"
"INDAPAMIDE 1.25MG TABLET","62559-0510-01","-3462","1","90","110.00","8.38","-1212.65%","-92.38%","0","100"
"OXYBUTYNIN 5MG TABLET ER","27241-0155-08","-1590","1","90","254.18","5.14","-4845.14%","-97.98%","0","500"
"TELMISARTAN-HCTZ 40-12.5 MG ORAL TABLET","43547-0441-03","-90","1","90","409.77","57.00","-618.89%","-86.09%","0","30"
"VRAYLAR 1.5MG CAPSULE","61874-0115-30","-1410","3","90","4322.91","4590.30","5.83%","6.19%","0","30"
"CLOBAZAM 10MG TABLET","42571-0315-01","50","1","90","1470.60","35.24","-4073.1%","-97.6%","0","100"
"HYDRALAZINE HCL 50MG TABLET","23155-0003-10","-17919","1","90","43.50","2.79","-1459.14%","-93.59%","0","1000"
"OLMESARTAN 20MG TABLET","68462-0437-90","-2415","1","90","534.94","7.21","-7319.42%","-98.65%","0","90"
"AMITRIPTYLINE 10 MG TABLET","57664-0687-88","-3231","2","90","14.00","23.43","40.25%","67.36%","0","100"
"SANTYL 250 UNIT/GM EXTERNAL OINTMENT","50484-0010-90","-990","1","90","889.69","957.77","7.11%","7.65%","0","90"
"DILTIAZEM 180MG CAPSULE ER","50742-0249-30","-2280","1","90","117.12","12.18","-861.58%","-89.6%","0","30"
"FENOFIBRATE MICRONIZED 134MG CAPSULE","62332-0085-31","-2580","1","90","151.62","9.09","-1567.99%","-94%","0","100"
"TRIAMTERENE-HCTZ 37.5-25MG CAP ***","00781-2074-01","-1800","1","90","23.63","7.39","-219.76%","-68.73%","0","100"
"VENLAFAXINE BESYLATE ER 112.5 MG TABLET","52427-0632-30","-270","1","90","601.41","592.93","-1.43%","-1.41%","0","30"
"ATORVASTATIN CALCIUM 40MG TABLET","63304-0829-90","-1080","1","90","446.88","3.78","-11722.22%","-99.15%","0","90"
"DICLOFENAC SOD 75MG TAB DR ***","61442-0103-05","-8774","2","90","70.68","16.26","-334.69%","-76.99%","0","500"
"NEBIVOLOL 10MG TABLET","62559-0277-90","-690","1","90","439.54","18.85","-2231.78%","-95.71%","0","90"
"FOSINOPRIL-HCTZ 20-12.5MG TAB ***","65862-0309-01","-2280","1","90","93.30","29.64","-214.78%","-68.23%","0","100"
"METFORMIN 850 MG TABLET","70010-0064-10","-20414","1","90","92.49","4.22","-2091.71%","-95.44%","0","1000"
"ALBUTEROL SULFATE (2.5 MG/3ML) 0.083% INHALATION NEBULIZATION SOLUTION","47335-0703-52","-14940","1","90","34.34","15.47","-121.98%","-54.95%","0","90"
"OXYCODONE-ACETAMINOPHEN 7.5-325 MG ORAL TABLET","47781-0229-01","320","1","90","210.17","17.44","-1105.1%","-91.7%","0","100"
"IRBESARTAN-HCTZ 150-12.5MG TABLET","43547-0330-09","-1080","1","90","288.96","8.54","-3283.61%","-97.04%","0","90"
"VALSARTAN 40MG TABLET","55111-0731-30","-2400","1","90","125.55","29.98","-318.78%","-76.12%","0","30"
"ATENOLOL-CHLORTHALIDONE 100-25 MG TABLET","70710-1168-01","-5040","1","90","204.77","41.30","-395.81%","-79.83%","0","100"
"LISINOPRIL 30MG TABLET","68180-0982-02","-2130","1","90","115.46","7.58","-1423.22%","-93.43%","0","500"
"PRAVASTATIN 40MG TABLET","00093-7202-10","-6050","1","90","371.09","8.83","-4102.6%","-97.62%","0","1000"
"COLESTIPOL HCL 1 GM ORAL TABLET","00115-5211-16","-2880","1","90","95.81","52.06","-84.04%","-45.66%","0","120"
"GLIMEPIRIDE 4MG TAB ***","16729-0003-01","-3210","1","90","77.36","5.54","-1296.39%","-92.84%","0","100"
"IPRATROPIUM BROMIDE 0.03 % NASAL SOLUTION","69238-2016-03","-540","1","90","288.12","30.08","-857.85%","-89.56%","0","30"
"DILTIAZEM 300MG CAPSULE ER","50742-0251-30","-1260","1","90","196.65","24.87","-690.71%","-87.35%","0","30"
"ARIPIPRAZOLE 20 MG ORAL TABLET","67877-0434-05","-600","3","90","3483.90","29.29","-11794.5%","-99.16%","0","500"
"FLUOXETINE HCL 20MG TABLET","59651-0309-01","-1290","2","90","325.16","28.97","-1022.4%","-91.09%","0","100"
"XARELTO 15MG TAB","50458-0578-30","-5862","1","90","1950.00","629.26","-209.89%","-67.73%","0","30"
"ENALAPRIL MALEATE 2.5MG TABLET","23155-0704-01","-2200","1","90","112.81","5.85","-1828.38%","-94.81%","0","100"
"REPAGLINIDE 1MG TAB ***","57237-0158-01","-1476","1","90","283.25","11.19","-2431.28%","-96.05%","0","100"
"SYNTHROID 50MCG TABLET","00074-4552-90","-1440","1","90","139.48","159.98","12.81%","14.7%","0","90"
"ONDANSETRON ODT 8MG TAB ***","62756-0356-64","-860","2","90","2309.76","20.40","-11222.35%","-99.12%","0","30"
"METHIMAZOLE 5MG TABLE ***","23155-0070-01","-3847","1","90","27.97","5.41","-417.01%","-80.66%","0","100"
"DOXAZOSIN MESYLATE 2MG TABLET","00832-0357-11","-1950","1","90","104.38","5.29","-1873.16%","-94.93%","0","100"
"INDOMETHACIN 25MG CAP ***","68462-0406-01","-2998","1","90","31.10","18.99","-63.77%","-38.94%","0","100"
"GLIPIZIDE ER 2.5 MG ORAL TABLET EXTENDED RELEASE 24 HOUR","59651-0780-30","-660","1","90","31.47","5.21","-504.03%","-83.44%","0","30"
"CARBATROL 300MG EXT-RELEASE CAPSULE****","54092-0173-12","-4680","1","90","202.50","163.00","-24.23%","-19.51%","0","120"
"TORSEMIDE 10MG TABLET","31722-0530-01","-5137","1","90","54.39","12.72","-327.59%","-76.61%","0","100"
"INSULIN LISPRO 100 UNIT/ML INJECTION SOLUTION","00002-7737-01","-1120","1","90","232.20","226.62","-2.46%","-2.4%","0","10"
"ATENOLOL 50MG TABLET","65862-0169-99","-9515","1","90","64.57","4.80","-1245.21%","-92.57%","0","1000"
"CANDESARTAN CILEXETIL-HCTZ 32-12.5 MG ORAL TABLET","43547-0460-09","-360","1","90","372.60","118.60","-214.17%","-68.17%","0","90"
"NEBIVOLOL 10MG TABLET","62559-0277-30","-1920","1","90","439.53","18.85","-2231.72%","-95.71%","0","30"
"BENAZEPRIL-HCTZ 20-12.5MG TABLET","00574-0229-01","-2622","1","90","83.10","40.47","-105.34%","-51.3%","0","100"
"GLIMEPIRIDE 2MG TAB ***","16729-0002-16","-3000","1","90","39.82","11.53","-245.36%","-71.04%","0","500"
"METOPROLOL SUCCINATE ER 200MG TABLET","70010-0783-05","-1200","1","90","83.66","25.12","-233.04%","-69.97%","0","500"
"HYDROXYZINE HCL 50MG TABLET","23155-0502-10","-3870","1","90","81.42","15.17","-436.72%","-81.37%","0","1000"
"LETROZOLE 2.5 MG ORAL TABLET","16729-0034-15","-910","1","90","1397.20","25.71","-5334.46%","-98.16%","0","90"
"AMLODIPINE-VALSARTAN 5-160 MG TABLET","00378-1721-93","-2565","1","90","422.67","49.66","-751.13%","-88.25%","0","30"
"CHLORZOXAZONE 375 MG ORAL TABLET","59651-0305-01","-360","1","90","691.30","56.07","-1132.92%","-91.89%","0","100"
"NEBIVOLOL 20MG TABLET","62559-0278-90","-2280","1","90","439.54","19.32","-2175.05%","-95.6%","0","90"
"MECLIZINE 25MG TABLET","65162-0442-10","-25499","2","90","31.07","10.54","-194.78%","-66.08%","0","100"
"PRIMIDONE 50MG TAB ***","53746-0544-01","-1530","1","90","31.19","14.36","-117.2%","-53.96%","0","100"
"IPRATROPIUM-ALBUTEROL 0.5-2.5 (3)MG/3ML SOLUTION","69097-0173-53","-10080","1","90","60.00","17.02","-252.53%","-71.63%","0","90"
"OMEPRAZOLE 20MG CAPSULE DR","68462-0396-10","-450","1","90","332.84","1.16","-28593.1%","-99.65%","0","1000"
"BENAZEPRIL HCL 10 MG ORAL TABLET","23155-0750-01","-90","1","90","7.89","2.68","-194.4%","-66.03%","0","100"
"CANDESARTAN CILEXETIL 8 MG ORAL TABLET","62332-0342-90","-810","1","90","213.27","39.18","-444.33%","-81.63%","0","90"
"PROPRANOLOL 60MG CAPSULE ER","00527-4116-37","-780","1","90","159.31","25.64","-521.33%","-83.91%","0","100"
"METOPROLOL-HCTZ 50-25MG TABLET","00378-0424-01","-1260","1","90","108.48","41.70","-160.14%","-61.56%","0","100"
"CREON 24000-76000 UNIT CAPSULE DR","00032-2636-01","-540","1","90","789.89","747.04","-5.74%","-5.42%","0","100"
"NEXLIZET 180-10MG TABLET","72426-0818-03","-720","1","90","1225.89","1255.88","2.39%","2.45%","0","30"
"OXYCODONE-ACETAMINOPHEN 5-325 MG ORAL TABLET","47781-0196-01","165","1","90","105.94","5.21","-1933.4%","-95.08%","0","100"
"VALSARTAN-HCTZ 320-12.5MG TABLET","00378-6324-77","-4230","1","90","419.10","28.85","-1352.69%","-93.12%","0","90"
"VALSARTAN 160MG TABLET","00378-5814-77","-6422","1","90","403.45","29.98","-1245.73%","-92.57%","0","90"
"FENOFIBRATE 54 MG ORAL TABLET","70756-0214-90","-240","1","90","61.31","18.61","-229.45%","-69.65%","0","90"
"VALSARTAN-HYDROCHLOROTHIAZIDE 80-12.5 MG ORAL TABLET","00378-6321-77","-180","1","90","304.03","14.18","-2044.08%","-95.34%","0","90"
"ESOMEPRAZOLE 40MG CAPSULE DR","70377-0056-12","-5078","1","90","698.41","22.67","-2980.77%","-96.75%","0","90"
"MUPIROCIN 2% OINTMENT","51672-1312-00","-4620","4","88","200.00","52.39","-281.75%","-73.8%","0","22"
"HYDROCORTISONE 1% CREAM","00168-0015-31","-4195.8","2","85.05","15.12","17.48","13.5%","15.61%","0","28.35"
"ECONAZOLE NITRATE 1% CREAM ***","45802-0466-53","-255","1","85","120.05","41.13","-191.88%","-65.74%","0","85"
"MIEBO 1.338 GM/ML OPHTHALMIC SOLUTION","24208-0377-05","-588","20","84","22278.76","21894.85","-1.75%","-1.72%","0","3"
"ALTAVERA 0.15-30MG TABLET****","70700-0116-85","-1512","1","84","330.00","10.63","-3004.42%","-96.78%","0","28"
"LO LOESTRIN FE 1 MG-10 MCG / 10 MCG ORAL TABLET","00430-0420-14","-588","1","84","504.34","579.13","12.91%","14.83%","0","140"
"ISIBLOOM 0.15-30 MG-MCG ORAL TABLET","70700-0113-85","-840","1","84","130.00","21.48","-505.21%","-83.48%","0","84"
"TRI-LO-ESTARYLLA 0.18/0.215/0.25 MG-25 MCG ORAL TABLET","70700-0120-85","-980","1","84","158.82","19.50","-714.46%","-87.72%","0","84"
"FLUCONAZOLE 200MG TABLET","68462-0104-30","-223","2","82","1015.82","41.16","-2367.98%","-95.95%","0","30"
"OZEMPIC (1 MG/DOSE) 4MG/3ML INJECTION","00169-4130-13","-1944","17","81","29430.00","26205.69","-12.3%","-10.96%","0","3"
"NAPROXEN 375 MG TABLET","70010-0138-01","-2789","2","80","68.48","15.21","-350.23%","-77.79%","0","100"
"TRIAMCINOLONE ACETONIDE 0.1 % EXTERNAL OINTMENT","33342-0333-80","-16240","1","80","10.90","14.87","26.7%","36.42%","0","80"
"HYOSCYAMINE SULFATE 0.125MG TABLET","47781-0013-01","-1772","2","80","58.48","38.76","-50.88%","-33.72%","0","100"
"ALBUTEROL SULFATE 0.63 MG/3ML INHALATION NEBULIZATION SOLUTION","00378-7057-52","-3525","1","75","35.69","25.06","-42.42%","-29.78%","0","75"
"ALPRAZOLAM 2 MG ORAL TABLET","65862-0679-01","100","1","75","126.72","13.71","-824.29%","-89.18%","0","100"
"ALBUTEROL SULFATE 1.25 MG/3ML INHALATION NEBULIZATION SOLUTION","00378-7058-52","-675","1","75","35.69","8.01","-345.57%","-77.56%","0","75"
"IPRATROPIUM BROMIDE 0.02 % INHALATION SOLUTION","76204-0100-30","-5325","1","75","45.41","3.44","-1220.06%","-92.42%","0","75"
"CLONIDINE 0.1MG TAB ***","52817-0180-10","-6906","2","75","19.43","21.94","11.44%","12.92%","0","100"
"ELIQUIS DVT/PE STARTER PACK 5 MG ORAL TABLET THERAPY PACK","00003-3764-74","-74","1","74","800.00","306.50","-161.01%","-61.69%","0","74"
"ONDANSETRON ODT  4MG TAB ***","68462-0157-13","-2965","6","71","1641.06","50.06","-3178.19%","-96.95%","0","30"
"PREDNISONE 20MG TABLET","64380-0785-08","-4062","6","66","11.95","16.19","26.19%","35.48%","0","1000"
"AIRSUPRA 90-80 MCG/ACT INHALATION AEROSOL","00310-9080-12","-321","6","64.2","2941.20","2810.03","-4.67%","-4.46%","0","10.7"
"NURTEC 75MG TABLET DISINTEGRATING","72618-3000-02","-688","4","64","7589.60","8185.04","7.27%","7.85%","0","8"
"CEPHALEXIN 500MG CAPSULE ***","67877-0219-05","-4875","4","62","85.54","17.71","-383%","-79.3%","0","500"
"RISPERIDONE 0.25MG TABLET","68382-0112-14","-3950","2","60","201.32","22.46","-796.35%","-88.84%","0","60"
"AMLODIPINE BESYLATE 10 MG ORAL TABLET","00904-6371-61","-90","2","60","116.36","4.80","-2324.17%","-95.87%","0","100"
"DILTIAZEM 360MG CAPSULE ER","50742-0252-90","-1320","2","60","528.10","16.32","-3135.91%","-96.91%","0","90"
"SYMTUZA 800-150-200-10MG TABLET","59676-0800-30","-1350","2","60","8389.74","8976.74","6.54%","7%","0","30"
"HYDROXYZINE HCL 10MG TAB ***","23155-0500-05","-360","2","60","34.92","21.92","-59.31%","-37.23%","0","500"
"DIGOXIN 250MCG TABLET ***","70954-0202-10","-2670","2","60","118.68","27.16","-336.97%","-77.11%","0","100"
"VALSARTAN-HCTZ 160-25MG TABLET","00378-6323-77","-2450","2","60","250.08","14.34","-1643.93%","-94.27%","0","90"
"SYNJARDY 12.5-1000MG TABLET****","00597-0168-60","-3630","2","60","508.62","332.58","-52.93%","-34.61%","0","60"
"GLYCOPYRROLATE 1MG TABLET","23155-0606-01","-180","1","60","67.75","9.78","-592.74%","-85.56%","0","100"
"SPIRONOLACTONE 100MG TABLET","53746-0515-01","-1905","2","60","73.50","19.54","-276.15%","-73.41%","0","100"
"BIKTARVY 50-200-25MG TABLET","61958-2501-01","-2730","2","60","8640.00","8199.75","-5.37%","-5.1%","0","30"
"MESALAMINE 1000 MG RECTAL SUPPOSITORY","31722-0005-30","-240","2","60","2157.90","206.19","-946.56%","-90.44%","0","30"
"JULUCA 50-25MG TABLET*****","49702-0242-13","-2280","2","60","7550.00","7271.21","-3.83%","-3.69%","0","30"
"FLUOXETINE 20MG CAPSULE","65862-0193-99","-6752","2","60","134.92","11.23","-1101.42%","-91.68%","0","1000"
"NYSTATIN 100000UNIT/GM POWDER****","00832-0465-30","-2520","1","60","160.00","23.58","-578.54%","-85.26%","0","30"
"LINZESS 72 MCG ORAL CAPSULE","00456-1203-30","-4950","2","60","1063.28","544.32","-95.34%","-48.81%","0","30"
"LACOSAMIDE 150MG TABLET","62332-0173-60","60","1","60","918.63","17.04","-5291.02%","-98.15%","0","60"
"ARIPIPRAZOLE 2MG TABLET","67877-0430-03","-2680","2","60","1651.46","22.96","-7092.77%","-98.61%","0","30"
"HALOPERIDOL 5MG TAB ***","68382-0079-01","-2650","1","60","61.43","11.30","-443.63%","-81.61%","0","100"
"XIGDUO XR 5-1000 MG TABLET ER","00310-6260-60","-2760","1","60","566.40","570.45","0.71%","0.72%","0","60"
"LIDOCAINE-PRILOCAINE 2.5-2.5 % EXTERNAL CREAM","00168-0357-30","-2760","2","60","50.00","15.82","-216.06%","-68.36%","0","30"
"BACLOFEN 20MG TABLET","00172-4097-60","-120","2","60","264.72","13.62","-1843.61%","-94.85%","0","100"
"RIVAROXABAN 2.5 MG ORAL TABLET","43598-0981-60","-600","1","60","555.41","277.71","-100%","-50%","0","60"
"AMITRIPTYLINE HCL 50 MG ORAL TABLET","16571-0107-01","-495","2","60","65.54","13.38","-389.84%","-79.58%","0","100"
"EUCRISA 2% OINTMENT*****","55724-0211-21","-1560","1","60","850.00","769.85","-10.41%","-9.43%","0","60"
"ANORO ELLIPTA 62.5-25MCG/INH AEROSOL 60EA*****","00173-0869-10","-1560","1","60","545.00","465.18","-17.16%","-14.65%","0","60"
"ACYCLOVIR 5 % EXTERNAL OINTMENT","68462-0746-35","-300","2","60","1600.00","35.88","-4359.31%","-97.76%","0","30"
"SACUBITRIL-VALSARTAN 49-51 MG ORAL TABLET","72205-0281-60","-2400","1","60","703.77","107.85","-552.55%","-84.68%","0","60"
"INCRUSE ELLIPTA 62.5MCG/INH AEROSOL*****","00173-0873-10","-3960","2","60","880.00","664.55","-32.42%","-24.48%","0","30"
"IYUZEH 0.005 % OPHTHALMIC SOLUTION","82584-0003-30","-1050","2","60","617.14","602.72","-2.39%","-2.34%","0","30"
"XIFAXAN 550MG TABLET****","65649-0303-02","-1242","1","60","4000.00","3548.83","-12.71%","-11.28%","0","60"
"TERAZOSIN HCL 5 MG ORAL CAPSULE","24689-0882-01","-1260","1","60","82.82","4.09","-1924.94%","-95.06%","0","100"
"LITHIUM CARBONATE 600MG CAPSULE","00054-2531-25","-2610","1","60","20.18","22.15","8.89%","9.76%","0","100"
"KETOCONAZOLE 2% CREAM","00168-0099-60","-21780","1","60","55.40","21.30","-160.09%","-61.55%","0","60"
"PREGABALIN 150 MG ORAL CAPSULE","82619-0126-01","30","1","60","2.41","1.60","-50.62%","-33.61%","0","90"
"ADVAIR DISKUS 250-50MCG/DOSE AEROSOL 60EA***","00173-0696-00","-13260","1","60","492.00","182.54","-169.53%","-62.9%","0","60"
"TICAGRELOR 60 MG ORAL TABLET","00480-2688-06","-720","1","60","455.65","238.18","-91.3%","-47.73%","0","60"
"POTASSIUM CITRATE 15MEQ TABLET EXTENDED RELEASE","71930-0050-12","-3506","1","60","122.29","21.88","-458.91%","-82.11%","0","100"
"SEGLUROMET 2.5-1000MG TABLET","00006-5373-03","-1980","1","60","400.00","353.21","-13.25%","-11.7%","0","60"
"CLONIDINE 0.3MG TAB ***","00228-2129-10","-3180","2","60","27.04","22.69","-19.17%","-16.09%","0","100"
"KETOCONAZOLE 2 % EXTERNAL CREAM","00168-0099-30","-2070","1","60","89.62","25.86","-246.56%","-71.14%","0","30"
"VALACYCLOVIR 1GM TABLET","57237-0043-90","-3705","3","60","619.72","20.52","-2920.08%","-96.69%","0","90"
"CICLOPIROX 0.77% CREAM ***","51672-1318-02","-2490","1","60","71.52","15.78","-353.23%","-77.94%","0","30"
"VASCEPA 0.5 GM ORAL CAPSULE","52937-0003-40","-1560","1","60","107.02","99.26","-7.82%","-7.25%","0","240"
"WARFARIN SODIUM 1MG TAB ***","00093-1712-01","-1620","1","60","31.61","13.80","-129.06%","-56.34%","0","100"
"PHENOBARBITAL 32.4 MG TABLET","00603-5166-32","340","1","60","33.09","17.08","-93.74%","-48.38%","0","1000"
"SYNJARDY 5-1000 MG TABLET","00597-0175-60","-1980","1","60","612.29","346.38","-76.77%","-43.43%","0","60"
"DEPAKOTE 500MG TABLET DELAYED RELEASE","00074-7327-13","-2460","1","60","474.00","458.27","-3.43%","-3.32%","0","100"
"METOLAZONE 2.5 MG ORAL TABLET","69292-0562-01","-993","1","60","133.01","11.43","-1063.69%","-91.41%","0","100"
"VENLAFAXINE HCL ER 75 MG CAPSULE","65862-0528-90","-1320","2","60","240.74","15.62","-1441.23%","-93.51%","0","90"
"REXULTI 1MG TABLET","59148-0037-13","-240","2","60","2662.60","2979.06","10.62%","11.89%","0","30"
"LACOSAMIDE 100MG TABLET","62332-0172-60","240","1","60","867.38","21.01","-4028.42%","-97.58%","0","60"
"NEXIUM 40MG CAPSULE****","00186-5040-31","-3030","1","60","1000.00","523.73","-90.94%","-47.63%","0","30"
"PAXIL 20 MG ORAL TABLET","60505-4518-03","-540","1","60","634.24","642.47","1.28%","1.3%","0","30"
"BUSPIRONE HCL 30 MG ORAL TABLET","72888-0066-05","-420","1","60","178.60","16.97","-952.45%","-90.5%","0","500"
"ACYCLOVIR 400 MG TABLET","31722-0777-05","-1716","1","60","92.45","15.65","-490.73%","-83.07%","0","500"
"REPAGLINIDE 2MG TABLET","57237-0159-01","-4980","1","60","188.83","12.47","-1414.27%","-93.4%","0","100"
"CLINDAMYCIN PHOSPHATE 1 % EXTERNAL SOLUTION","51672-4081-04","-540","1","60","100.00","25.75","-288.35%","-74.25%","0","60"
"LOKELMA 5GM PACK","00310-1105-30","-1620","2","60","2400.00","1688.36","-42.15%","-29.65%","0","30"
"BUPROPION HCL 75MG TABLET","60505-0158-01","-3175","1","60","40.94","15.89","-157.65%","-61.19%","0","100"
"ZTLIDO 1.8 % EXTERNAL PATCH****","69557-0111-30","-1260","1","60","695.98","720.83","3.45%","3.57%","0","30"
"DICLOFENAC EPOLAMINE 1.3 % PATCH","00093-3727-55","-180","1","60","1000.00","283.98","-252.14%","-71.6%","0","30"
"DIVALPROEX 500MG TABLET DELAYED RELEASE","57237-0048-05","-2580","1","60","165.82","13.83","-1098.99%","-91.66%","0","500"
"FLUOCINONIDE 0.05 % EXTERNAL OINTMENT","51672-1264-03","-300","1","60","243.38","9.17","-2554.09%","-96.23%","0","60"
"ARNUITY ELLIPTA 50 MCG/ACT INHAEROSOL","00173-0888-10","-390","2","60","430.32","407.68","-5.55%","-5.26%","0","30"
"MORPHINE SULFATE ER 30 MG ORAL TABLET EXTENDED RELEASE","42858-0802-01","200","1","60","32.97","17.83","-84.91%","-45.92%","0","100"
"DESONIDE 0.05 % EXTERNAL CREAM","62332-0632-60","-360","1","60","276.18","55.44","-398.16%","-79.93%","0","60"
"NYSTATIN 100000 UNIT/GM EXTERNAL POWDER","69315-0306-60","-120","1","60","71.52","23.58","-203.31%","-67.03%","0","60"
"BREO ELLIPTA 200-25MCG/INH AEROSOL 60EA*******","00173-0882-10","-7680","1","60","650.00","387.27","-67.84%","-40.42%","0","60"
"RISPERIDONE 1MG TABLET","68382-0114-14","-1312","2","58","227.03","21.91","-936.19%","-90.35%","0","60"
"BASAGLAR KWIKPEN 100UNIT/ML INJECTION*****","00002-7715-59","-11361","5","57","1558.00","1186.95","-31.26%","-23.82%","0","15"
"METHOTREXATE 2.5MG TAB ***","68382-0775-01","-4186","2","56","139.71","28.48","-390.55%","-79.61%","0","100"
"AMOXICILLIN 875 MG TABLET","65862-0015-01","-1400","4","56","56.00","8.13","-588.81%","-85.48%","0","100"
"TRAMADOL 50 MG TABLET","60219-2348-05","252","2","56","40.16","0.34","-11711.76%","-99.15%","0","500"
"METRONIDAZOLE 250MG TABLET","23155-0651-01","-364","1","56","20.90","10.45","-100%","-50%","0","100"
"NITROFURANTOIN MONOHYD MACRO 100 MG ORAL CAPSULE","70756-0404-11","-218","5","54","189.65","25.99","-629.7%","-86.3%","0","100"
"AMOXICILLIN-CLAVULANATE 875-125MG TABLET","42571-0162-01","-1574","4","52","225.90","29.60","-663.18%","-86.9%","0","100"
"MOMETASONE FUROATE 50MCG/ACT SUSPENSION","60505-0830-01","-408","3","51","538.14","159.23","-237.96%","-70.41%","0","17"
"DORZOLAMIDE HCL 2% SOLUTION","61314-0019-10","-1520","3","50","233.65","27.42","-752.12%","-88.26%","0","10"
"AZELAIC ACID 15 % EXTERNAL GEL","51672-1389-03","-150","1","50","123.84","55.81","-121.9%","-54.93%","0","50"
"WARFARIN 4MG TAB ***","00093-1716-01","-600","1","50","33.21","2.10","-1481.43%","-93.68%","0","100"
"PREDNISOLONE 15 MG/5ML ORAL SOLUTION","00121-0885-08","-355","1","50","61.92","24.10","-156.93%","-61.08%","0","240"
"OZEMPIC (2 MG/DOSE) 8 MG/3ML PEN-INJECTOR","00169-4772-12","-840","12","48","14729.60","15432.19","4.55%","4.77%","0","3"
"AMOXICILLIN-POT CLAVULANATE 875-125 MG TABLET ***","00143-9249-20","-327","3","48","208.53","20.07","-939.01%","-90.38%","0","20"
"FLUTICASONE PROPIONATE HFA 110 MCG/ACT INHAEROSOL","66993-0079-96","-720","4","48","1073.88","752.68","-42.67%","-29.91%","0","12"
"CIPROFLOXACIN 500MG TABLET","00143-9928-01","-1584","4","48","221.58","36.68","-504.09%","-83.45%","0","100"
"PREDNISOLONE ACETATE 1% SUSPENSION","61314-0637-15","-1290","3","45","600.00","204.49","-193.41%","-65.92%","0","15"
"BETAMETHASONE VALERATE 0.1% CREAM**","00713-0326-37","-405","1","45","39.28","20.32","-93.31%","-48.27%","0","45"
"LUMIGAN 0.01% SOLUTION*****","00023-3205-08","-1447.5","6","45","5010.00","4612.74","-8.61%","-7.93%","0","7.5"
"TRIAMCINOLONE ACETONIDE 0.5 % CREAM","00168-0002-15","-510","3","45","28.65","31.03","7.67%","8.31%","0","15"
"MOMETASONE FUROATE 0.1 % EXTERNAL OINTMENT","45802-0119-42","-585","1","45","38.36","20.68","-85.49%","-46.09%","0","45"
"DOXEPIN HCL 5 % EXTERNAL CREAM","69238-1733-06","-90","1","45","655.69","271.22","-141.76%","-58.64%","0","45"
"METRONIDAZOLE 0.75 % EXTERNAL GEL","00713-0637-37","-990","1","45","319.69","45.46","-603.23%","-85.78%","0","45"
"TRETINOIN 0.1 % EXTERNAL CREAM","51672-1395-09","-405","1","45","211.73","22.69","-833.14%","-89.28%","0","45"
"TRETINOIN 0.05% CREAM","00574-2205-45","-2025","1","45","147.89","24.95","-492.75%","-83.13%","0","45"
"IVERMECTIN 1 % EXTERNAL CREAM","45802-0102-84","-720","1","45","563.04","72.27","-679.08%","-87.16%","0","45"
"AMOXICILLIN-CLAVULANATE 500-125MG TABLET","00093-2274-34","-1170","2","44","143.20","8.92","-1505.38%","-93.77%","0","20"
"ALENDRONATE 70MG TAB ***","69097-0224-16","-3712","5","44","631.07","22.64","-2687.41%","-96.41%","0","4"
"ESTRADIOL 0.1 MG/GM VAGINAL CREAM","66993-0002-10","-9052.5","1","42.5","266.78","99.50","-168.12%","-62.7%","0","42.5"
"PREDNISONE 10MG TABLET","59746-0173-06","-2847","1","42","32.97","5.58","-490.86%","-83.08%","0","100"
"METOLAZONE 5 MG TABLET","00185-0055-01","-504","2","42","85.08","19.13","-344.75%","-77.52%","0","100"
"SYMBICORT 80-4.5MCG/ACT AEROSOL****","00186-0372-20","-1764.6","4","40.8","6000.00","826.63","-625.84%","-86.22%","0","10.2"
"FLUOCINOLONE ACETONIDE 0.01 % OTIC OIL","45802-0009-10","-140","2","40","153.14","40.90","-274.43%","-73.29%","0","20"
"BRIMONIDINE TARTRATE 0.2% SOLUTION","61314-0143-10","-1720","4","40","182.68","45.66","-300.09%","-75.01%","0","10"
"PREDNISOLONE ACETATE 1% SUSPENSION","61314-0637-10","-1780","4","40","640.00","215.89","-196.45%","-66.27%","0","10"
"SULFAMETHOXAZOLE-TRIMETHOPRIM 800-160MG TABLET","57237-0233-01","-3099","3","40","48.24","11.92","-304.7%","-75.29%","0","100"
"LEVOTHYROXINE 150 MCG TABLET","68180-0973-03","-3394","1","40","23.32","12.20","-91.15%","-47.68%","0","1000"
"INSULIN GLARGINE 100 UNIT/ML YFGN","83257-0015-32","-852","5","39","397.07","197.99","-100.55%","-50.14%","0","15"
"RIFAMPIN 300MG CAPSULE","68180-0659-07","-1356","1","36","142.16","34.89","-307.45%","-75.46%","0","60"
"KETOROLAC 0.5 % OPHTHALMIC SOLUTION","42571-0137-25","-690","6","35","638.12","103.71","-515.29%","-83.75%","0","5"
"CICLOPIROX 8 % EXTERNAL SOLUTION","42192-0715-06","-1108.8","5","33","1000.00","76.02","-1215.44%","-92.4%","0","6.6"
"CEFADROXIL 500 MG ORAL CAPSULE","00093-3196-01","-295","1","32","99.07","9.03","-997.12%","-90.89%","0","100"
"FLUTICASONE PROPIONATE HFA 44 MCG/ACT INH AEROSOL","66993-0078-96","-625.4","3","31.8","601.59","399.39","-50.63%","-33.61%","0","10.6"
"AZELASTINE 0.05% OPHTHALMIC SOLUTION","60505-0578-04","-2700","5","30","750.00","26.87","-2691.22%","-96.42%","0","6"
"MIRTAZAPINE 30MG TABLET","60505-0248-01","-2250","1","30","58.74","4.43","-1225.96%","-92.46%","0","30"
"TACROLIMUS 0.1 % OINTMENT","00168-0416-30","-2490","1","30","223.99","38.55","-481.04%","-82.79%","0","30"
"TADALAFIL 5MG TABLET","69238-1347-03","-2651","2","30","317.30","16.32","-1844.24%","-94.86%","0","30"
"DEXILANT 60MG CAP ***","64764-0175-30","-1980","1","30","400.00","293.23","-36.41%","-26.69%","0","30"
"NORTRIPTYLINE 10MG CAPSULE","51672-4001-01","-990","1","30","18.95","1.13","-1576.99%","-94.04%","0","100"
"DUTASTERIDE-TAMSULOSIN HCL 0.5-0.4 MG ORAL CAPSULE","68382-0640-06","-930","1","30","156.12","69.53","-124.54%","-55.46%","0","30"
"BENAZEPRIL-HYDROCHLOROTHIAZIDE 20-25 MG TABLET","62559-0417-01","-180","1","30","53.34","8.64","-517.36%","-83.8%","0","100"
"NIFEDIPINE 90MG TABLET ER","59651-0297-01","-4580","1","30","78.22","15.47","-405.62%","-80.22%","0","100"
"MEMANTINE HCL ER 7 MG ORAL CAPSULE EXTENDED RELEASE 24 HOUR","70436-0054-04","-360","1","30","394.22","31.18","-1164.34%","-92.09%","0","30"
"VEMLIDY 25 MG ORAL TABLET","61958-2301-01","-270","1","30","1575.50","1538.23","-2.42%","-2.37%","0","30"
"NADOLOL 20MG TABLET","69238-1123-09","-1200","1","30","120.23","15.89","-656.64%","-86.78%","0","90"
"FLUOXETINE 10MG CAP ***","65862-0192-01","-1526","1","30","67.04","0.36","-18522.22%","-99.46%","0","100"
"KETOCONAZOLE 2 % EXTERNAL CREAM","00168-0099-15","-210","2","30","53.14","18.18","-192.3%","-65.79%","0","15"
"ROZEREM 8MG TABLET","64764-0805-30","-270","1","30","550.00","383.19","-43.53%","-30.33%","0","30"
"NYSTATIN 100000UNIT/GM OINTMENT","00713-0686-31","-1650","1","30","22.58","11.57","-95.16%","-48.76%","0","30"
"PHENTERMINE 37.5MG TABLET","10702-0025-01","50","1","30","39.80","6.64","-499.4%","-83.32%","0","100"
"MIRTAZAPINE 45 MG TABLET DISINTEGRATING","65862-0023-06","-480","1","30","66.70","16.79","-297.26%","-74.83%","0","30"
"LAMOTRIGINE 100MG TABLET","65862-0228-01","-1440","1","30","122.58","0.76","-16028.95%","-99.38%","0","100"
"ARIPIPRAZOLE 15MG TABLET","43598-0968-30","-1140","1","30","828.40","2.45","-33712.24%","-99.7%","0","30"
"ANASTROZOLE 1MG TABLET","16729-0035-10","-6600","1","30","279.38","3.04","-9090.13%","-98.91%","0","30"
"TACROLIMUS 0.03 % EXTERNAL OINTMENT","00168-0417-30","-420","1","30","223.99","31.94","-601.28%","-85.74%","0","30"
"NALTREXONE 50MG TABLET","00406-1170-01","-2901","1","30","110.30","37.31","-195.63%","-66.17%","0","100"
"GENTAMICIN SULFATE 0.1 % EXTERNAL OINTMENT","00713-0682-31","-960","1","30","84.93","17.19","-394.07%","-79.76%","0","30"
"AMLODIPINE-BENAZEPRIL 5-20MG CAPSULE","68180-0459-01","-5150","1","30","73.76","5.52","-1236.23%","-92.52%","0","100"
"CLOTRIMAZOLE-BETAMETHASONE 1-0.05 % EXTERNAL CREAM","00168-0258-15","-405","1","30","60.00","16.73","-258.64%","-72.12%","0","15"
"CITALOPRAM 20MG TABLET","69097-0823-12","-330","1","30","62.11","7.11","-773.56%","-88.55%","0","500"
"GENTAMICIN SULFATE 0.1% CREAM","45802-0056-11","-450","1","30","69.13","18.27","-278.38%","-73.57%","0","30"
"OMEPRAZOLE 10MG CAPSULE DR","00781-2859-31","-840","1","30","102.82","6.93","-1383.69%","-93.26%","0","30"
"BUPROPION HCL ER (SR) 100MG TABLET","70436-0058-01","-935","1","30","43.58","4.56","-855.7%","-89.54%","0","100"
"ALOGLIPTIN BENZOATE 12.5 MG ORAL TABLET","45802-0103-65","-90","1","30","201.24","133.48","-50.76%","-33.67%","0","30"
"AMITRIPTYLINE 25MG TAB ***","16729-0172-01","-1890","1","30","30.00","11.76","-155.1%","-60.8%","0","100"
"VERAPAMIL ER 120MG TABLET","68462-0292-01","-1680","1","30","22.53","7.60","-196.45%","-66.27%","0","100"
"RAMELTEON 8MG TABLET","00832-1250-30","-2130","1","30","360.93","31.56","-1043.63%","-91.26%","0","30"
"ARIPIPRAZOLE 2MG TABLET ***","65162-0896-03","-510","1","30","673.58","11.48","-5767.42%","-98.3%","0","30"
"LORAZEPAM 0.5MG TABLET","69315-0904-01","0","1","30","16.59","0.38","-4265.79%","-97.71%","0","100"
"DOVATO 50-300 MG ORAL TABLET","49702-0246-13","-300","1","30","3194.75","3092.90","-3.29%","-3.19%","0","30"
"AMITRIPTYLINE 25MG TABLET","16571-0106-10","-540","1","30","15.56","2.37","-556.54%","-84.77%","0","1000"
"DEXLANSOPRAZOLE 60 MG CAPSULE DR","49884-0148-11","-1110","1","30","270.52","160.46","-68.59%","-40.68%","0","30"
"VRAYLAR 3MG CAPSULE","61874-0130-30","-960","1","30","1354.05","1538.86","12.01%","13.65%","0","30"
"DICLOFENAC SODIUM 25MG TABLET DR","16571-0203-10","-525","1","30","36.68","29.46","-24.51%","-19.68%","0","100"
"DIGOXIN 125 MCG ORAL TABLET","57664-0437-88","-1698","1","30","36.69","5.77","-535.88%","-84.27%","0","100"
"TRAZODONE 300MG TABLET","13668-0333-01","-1320","1","30","140.23","26.73","-424.62%","-80.94%","0","100"
"LISINOPRIL-HCTZ 10-12.5MG TAB ***","68180-0518-02","-6224","1","30","23.52","1.34","-1655.22%","-94.3%","0","500"
"HALOPERIDOL 10MG TABLET","68382-0080-01","-875","1","30","37.01","14.10","-162.48%","-61.9%","0","100"
"FLUOXETINE 40MG CAPSULE","49483-0703-50","-3993","1","30","21.47","11.89","-80.57%","-44.62%","0","500"
"REXULTI 0.5 MG ORAL TABLET","59148-0036-13","-60","1","30","1605.65","1480.31","-8.47%","-7.81%","0","30"
"WARFARIN SODIUM 3MG TABLET","51672-4030-01","-1460","1","30","13.80","1.19","-1059.66%","-91.38%","0","100"
"QUETIAPINE FUMARATE 200 MG ORAL TABLET","67877-0246-01","-375","1","30","333.99","12.80","-2509.3%","-96.17%","0","100"
"OXYBUTYNIN 15MG TABLET ER","27241-0157-04","-3030","1","30","87.05","17.13","-408.17%","-80.32%","0","100"
"PAROXETINE 10MG TABLET","13107-0154-30","-3210","1","30","67.55","1.62","-4069.75%","-97.6%","0","30"
"VOQUEZNA 10 MG ORAL TABLET","81520-0100-30","-90","1","30","725.48","668.72","-8.49%","-7.82%","0","30"
"SUNOSI 150 MG ORAL TABLET","81968-0351-01","0","1","30","954.25","949.78","-0.47%","-0.47%","0","30"
"NITROGLYCERIN 0.1 MG/HR TRANSDERMAL PATCH 24 HOUR","00378-9102-93","-300","1","30","47.95","16.11","-197.64%","-66.4%","0","30"
"LEVETIRACETAM 250 MG TABLET","31722-0536-12","-660","1","30","74.18","11.48","-546.17%","-84.52%","0","120"
"AMANTADINE 100MG TABLET","00832-0111-50","-3330","1","30","78.00","8.77","-789.4%","-88.76%","0","500"
"OLANZAPINE 20MG TABLET","55111-0168-30","-180","1","30","1027.62","3.17","-32317.03%","-99.69%","0","30"
"PRAVASTATIN 80MG TABLET","70377-0048-12","-1290","1","30","123.70","15.75","-685.4%","-87.27%","0","90"
"NYSTATIN-TRIAMCINOLONE 100000-0.1 U/GM OINTMENT","45802-0244-94","-150","1","30","25.30","13.68","-84.94%","-45.93%","0","30"
"DEPAKOTE ER 250 MG TABLET","00074-7401-13","-1080","1","30","123.00","120.79","-1.83%","-1.8%","0","100"
"DIVALPROEX SODIUM 250MG TABLET DR","57237-0047-01","-420","1","30","44.96","12.37","-263.46%","-72.49%","0","100"
"PIMECROLIMUS 1 % EXTERNAL CREAM","00591-2944-30","-30","1","30","276.58","144.48","-91.43%","-47.76%","0","30"
"BISOPROLOL FUMARATE 2.5 MG ORAL TABLET","52817-0268-30","-165","1","30","88.49","46.07","-92.08%","-47.94%","0","30"
"TIMOLOL MALEATE 0.5 % OPHTHALMIC SOLUTION","61314-0227-15","-135","2","30","120.00","43.40","-176.5%","-63.83%","0","15"
"MINOXIDIL 2.5MG TABLET","53489-0386-01","-465","1","30","15.17","3.09","-390.94%","-79.63%","0","100"
"SULINDAC 150 MG ORAL TABLET","42806-0018-01","-30","1","30","25.28","3.06","-726.14%","-87.9%","0","100"
"PAROXETINE 40MG TABLET","60505-0101-04","-150","1","30","76.72","1.84","-4069.57%","-97.6%","0","1000"
"CLOBETASOL PROPIONATE 0.05 % EXTERNAL OINTMENT","33342-0506-15","-60","1","30","267.38","139.67","-91.44%","-47.76%","0","15"
"LIDOCAINE 5 % EXTERNAL PATCH","00603-1880-16","-630","1","30","265.11","129.01","-105.5%","-51.34%","0","30"
"OLMESARTAN-AMLODIPINE-HCTZ 40-10-12.5 MG ORAL TABLET","49884-0789-09","-390","1","30","255.50","79.61","-220.94%","-68.84%","0","90"
"GLIMEPIRIDE 1 MG ORAL TABLET","55111-0320-05","-330","1","30","10.05","0.67","-1400%","-93.33%","0","500"
"CLOMIPRAMINE HCL 25 MG ORAL CAPSULE","42571-0342-01","-930","1","30","290.04","22.62","-1182.23%","-92.2%","0","100"
"ESOMEPRAZOLE 20MG CAPSULE DR","70377-0055-12","-1860","1","30","232.80","5.57","-4079.53%","-97.61%","0","90"
"ISOSORBIDE MONONITRATE ER 60MG","23155-0178-05","-2914","1","30","34.93","4.92","-609.96%","-85.91%","0","500"
"ARIPIPRAZOLE 5MG TABLET","67877-0431-03","-1672","1","30","825.73","11.63","-7000%","-98.59%","0","30"
"ABILIFY 5MG TABLET","59148-0007-13","-990","1","30","602.48","570.94","-5.52%","-5.24%","0","30"
"GUANFACINE ER 1MG TAB ***","24979-0533-01","-840","1","30","220.31","14.57","-1412.08%","-93.39%","0","100"
"QULIPTA 30 MG ORAL TABLET","00074-7096-30","-120","1","30","1183.92","1133.81","-4.42%","-4.23%","0","30"
"AZELASTINE HCL 137MCG/SPRAY SOLUTION","59651-0214-30","-2700","1","30","90.51","19.63","-361.08%","-78.31%","0","30"
"MEGESTROL ACETATE 40 MG ORAL TABLET","64380-0159-02","-90","1","30","27.93","7.29","-283.13%","-73.9%","0","250"
"QUETIAPINE FUMARATE 100 MG ORAL TABLET","67877-0250-10","-120","1","30","176.98","4.35","-3968.51%","-97.54%","0","1000"
"TRIAMCINOLONE ACETONIDE 0.1 % EXTERNAL OINTMENT","33342-0333-15","-2280","1","30","9.58","11.94","19.77%","24.63%","0","15"
"LURASIDONE HCL 60 MG ORAL TABLET","31722-0082-30","-120","1","30","1317.55","11.85","-11018.57%","-99.1%","0","30"
"DAYVIGO 5 MG ORAL TABLET","62856-0405-30","0","1","30","363.78","345.19","-5.39%","-5.11%","0","30"
"TRAMADOL HCL ER 200MG TABLET","68180-0698-06","30","1","30","155.26","58.84","-163.87%","-62.1%","0","30"
"TRINTELLIX 10MG TABLET****","64764-0730-30","-1050","1","30","650.00","513.49","-26.58%","-21%","0","30"
"OMEGA-3-ACID ETHYL ESTERS 1 GM ORAL CAPSULE","64380-0761-11","-420","1","30","53.35","1.40","-3710.71%","-97.38%","0","120"
"AZITHROMYCIN 500 MG ORAL TABLET","62332-0252-30","-126","1","30","401.63","19.16","-1996.19%","-95.23%","0","30"
"BUPROPION HCL ER (SR) 150 MG ORAL TABLET EXTENDED RELEASE 12 HOUR","50228-0175-01","-60","1","30","49.88","18.40","-171.09%","-63.11%","0","100"
"AMPHETAMINE-DEXTROAMPHETAMINE 30 MG ORAL TABLET","00555-0974-02","70","1","30","44.22","11.54","-283.19%","-73.9%","0","100"
"BISOPROLOL FUMARATE 5 MG ORAL TABLET","70954-0455-20","-120","1","30","58.13","16.44","-253.59%","-71.72%","0","100"
"RIVASTIGMINE 13.3 MG/24HR TRANSDERMAL PATCH 24 HOUR","00378-9072-93","-120","1","30","435.93","89.34","-387.94%","-79.51%","0","30"
"AMLODIPINE-VALSARTAN-HCTZ 5-160-25 MG ORAL TABLET","64380-0198-01","-780","1","30","246.95","186.65","-32.31%","-24.42%","0","30"
"PRAZOSIN HCL 5 MG ORAL CAPSULE","70756-0440-11","-300","1","30","59.22","9.72","-509.26%","-83.59%","0","100"
"PROGESTERONE 100 MG CAPSULE","59651-0152-01","-864","1","30","54.18","7.89","-586.69%","-85.44%","0","100"
"QUETIAPINE FUMARATE 25 MG ORAL TABLET","67877-0242-10","-2311","1","30","103.19","3.45","-2891.01%","-96.66%","0","1000"
"DICLOFENAC POTASSIUM 50MG TABLET","72888-0073-01","-1215","1","30","71.19","5.70","-1148.95%","-91.99%","0","100"
"SPIRONOLACTONE 50MG TABLET","53746-0514-05","-3960","1","30","20.43","12.37","-65.16%","-39.45%","0","500"
"QULIPTA 60 MG ORAL TABLET","00074-7094-30","-30","1","30","1183.92","1166.21","-1.52%","-1.5%","0","30"
"LIDOCAINE HCL 3 % EXTERNAL CREAM","69367-0202-01","-595.35","1","28.35","51.33","23.65","-117.04%","-53.93%","0","28.35"
"MOUNJARO 7.5 MG/0.5ML PEN-INJECTOR","00002-1484-80","-286","10","28","14780.92","14693.74","-0.59%","-0.59%","0","2"
"CEFPODOXIME 200MG TAB ***","00781-5439-20","-218","1","28","165.76","47.19","-251.26%","-71.53%","0","20"
"CLARITHROMYCIN 500MG TAB ***","00781-1962-60","-540","1","28","117.89","6.17","-1810.7%","-94.77%","0","60"
"NORETHINDRONE 0.35MG TABLET ***","68180-0876-73","-7280","1","28","8.61","9.56","9.94%","11.03%","0","84"
"SULINDAC 200 MG ORAL TABLET","42806-0011-01","-88","1","28","28.90","16.37","-76.54%","-43.36%","0","100"
"LO-ZUMANDIMINE 3-0.02 MG ORAL TABLET","59651-0029-88","-644","1","28","60.90","4.07","-1396.31%","-93.32%","0","84"
"HYDROCORTISONE 2.5 % EXTERNAL CREAM ***","45802-0004-03","-728","1","28","20.00","2.16","-825.93%","-89.2%","0","28"
"HYDROMORPHONE HCL 2 MG ORAL TABLET","00406-3243-01","40","1","28","14.92","2.07","-620.77%","-86.13%","0","100"
"QUETIAPINE 150MG TABLET ER","68180-0613-07","-1040","1","28","383.49","15.26","-2413.04%","-96.02%","0","60"
"CRYSELLE-28 0.3-0.03MG TABLET","00555-9049-58","-1456","1","28","50.00","18.55","-169.54%","-62.9%","0","28"
"SUMATRIPTAN SUCCINATE 50MG TAB ***","65862-0147-36","-762","2","27","475.14","18.68","-2443.58%","-96.07%","0","9"
"BRIMONIDINE TARTRATE 0.2% SOLUTION","61314-0143-05","-820","4","25","114.30","32.48","-251.91%","-71.58%","0","5"
"FLUNISOLIDE 25 MCG/ACT (0.025%) NASAL SOLUTION","24208-0344-25","-75","1","25","61.87","51.11","-21.05%","-17.39%","0","25"
"PREDNISOLONE ACETATE 1% SUSPENSION","61314-0637-05","-1365","5","25","325.00","130.18","-149.65%","-59.94%","0","5"
"MOUNJARO 5 MG/0.5ML PEN-INJECTOR","00002-1495-80","-436","10","24","12066.12","12559.91","3.93%","4.09%","0","2"
"ESTRADIOL 10 MCG VAGINAL TABLET","59651-0439-08","-48","1","24","500.46","175.88","-184.55%","-64.86%","0","8"
"ESTRADIOL 10 MCG VAGINAL TABLET","68462-0711-71","-88","1","24","500.46","175.88","-184.55%","-64.86%","0","8"
"QVAR REDIHALER 40MCG/ACT AEROSOL****","59310-0302-40","-296.8","2","21.2","900.00","437.99","-105.48%","-51.33%","0","10.6"
"TRESIBA FLEXTOUCH 100UNIT/ML INJECTION****","00169-2660-15","-399","2","21","1050.00","182.62","-474.96%","-82.61%","0","15"
"INSULIN LISPRO 100 UNIT/ML SQ SOLUTION","00002-8222-59","-492","2","21","229.89","234.60","2.01%","2.05%","0","15"
"CLINDAMYCIN 300MG CAPSULE","65862-0186-01","-1490","1","21","67.13","2.00","-3256.5%","-97.02%","0","100"
"PENICILLIN V POTASSIUM 500 MG TABLET","00143-9836-01","-303","1","21","14.04","1.21","-1060.33%","-91.38%","0","100"
"TERCONAZOLE 0.8 % VAGINAL CREAM","00168-0347-20","-1020","1","20","42.17","21.83","-93.17%","-48.23%","0","20"
"CIPROFLOXACIN HCL 0.3 % OPHTHALMIC SOLUTION","69315-0308-05","-410","4","20","57.80","29.28","-97.4%","-49.34%","0","5"
"AZITHROMYCIN 250 MG ORAL TABLET","68180-0861-06","-392","1","20","133.88","14.20","-842.82%","-89.39%","0","30"
"CIPROFLOXACIN HCL 0.3 % OPHTHALMIC SOLUTION","69315-0308-10","-170","2","20","45.40","31.12","-45.89%","-31.45%","0","10"
"BRIMONIDINE TARTRATE-TIMOLOL 0.2-0.5 % OPHTHALMIC SOLUTION","68462-0281-32","-70","2","20","702.22","246.60","-184.76%","-64.88%","0","10"
"KETOROLAC TROMETHAMINE 0.5 % OPHTHALMIC SOLUTION","61314-0126-10","-870","2","20","361.20","32.31","-1017.92%","-91.05%","0","10"
"TRETINOIN 0.025 % EXTERNAL CREAM","51672-1407-00","-60","1","20","109.71","27.25","-302.61%","-75.16%","0","20"
"COMBIGAN 0.2-0.5% OPTH SOLUTION 10ML","00023-9211-10","-450","2","20","1000.00","769.19","-30.01%","-23.08%","0","10"
"UBRELVY 50 MG ORAL TABLET","00023-6498-10","-90","1","20","2239.14","2136.78","-4.79%","-4.57%","0","10"
"LIORESAL 40 MG/20ML INTRATHECAL SOLUTION","70121-2503-01","-580","1","20","975.39","899.16","-8.48%","-7.82%","0","20"
"FLUCONAZOLE 150MG TAB ***","57237-0005-11","-787","4","19","264.73","42.65","-520.7%","-83.89%","0","12"
"SUMATRIPTAN SUCCINATE 25 MG ORAL TABLET","65862-0146-36","-99","2","18","418.76","14.72","-2744.84%","-96.48%","0","9"
"AZITHROMYCIN 250 MG TABLET","68180-0861-11","-1346","3","18","120.48","24.66","-388.56%","-79.53%","0","6"
"VENTOLIN HFA 108 (90 BASE) ***","00173-0682-20","-2340","1","18","80.00","64.84","-23.38%","-18.95%","0","18"
"RESTASIS MULTIDOSE 0.05 % OPHTHALMIC EMULSION","00023-5301-05","-511.5","3","16.5","2400.00","1842.42","-30.26%","-23.23%","0","5.5"
"TRULICITY 0.75MG/0.5ML INJECTION","00002-1433-80","-558","4","16","8000.00","7743.50","-3.31%","-3.21%","0","2"
"JUBLIA 10 % EXTERNAL SOLUTION","00187-5400-08","-96","2","16","3078.18","3194.74","3.65%","3.79%","0","8"
"DEXCOM G7 SENSOR","08627-0077-01","-335","5","15","1908.15","1907.12","-0.05%","-0.05%","0","1"
"OFLOXACIN 0.3% SOL (EYE) ***","64980-0515-05","-1000","3","15","147.75","32.54","-354.06%","-77.98%","0","5"
"LOPERAMIDE 2MG CAP ***","00378-2100-05","-7598","1","15","11.03","2.47","-346.56%","-77.61%","0","500"
"INSULIN PROT & ASP FLEXPEN (70-30) 100 UNIT/ML","73070-0203-15","-84","1","15","288.35","149.89","-92.37%","-48.02%","0","15"
"IPRATROPIUM BROMIDE 0.06 % NASAL SOLUTION","69238-2017-02","-1380","1","15","82.31","26.37","-212.14%","-67.96%","0","15"
"COMBIGAN 0.2-0.5% OPTH SOLUTION 15ML","00023-9211-15","-840","1","15","750.00","582.48","-28.76%","-22.34%","0","15"
"MOUNJARO 12.5 MG/0.5ML PEN-INJECTOR","00002-1460-80","-84","7","14","7723.03","7387.61","-4.54%","-4.34%","0","2"
"REPATHA SURECLICK 140 MG/ML SUBCUTANEOUS SOLUTION AUTO-INJECTOR","72511-0393-02","-88","5","14","4137.21","3819.10","-8.33%","-7.69%","0","2"
"CEFDINIR 300MG CAPSULE","00093-3160-06","-414","1","14","50.12","7.78","-544.22%","-84.48%","0","60"
"CEFPODOXIME 100MG TAB ***","65862-0095-20","-243","1","14","66.02","9.39","-603.09%","-85.78%","0","20"
"NABUMETONE 500MG TABLET","69367-0241-01","-552","1","14","16.57","0.89","-1761.8%","-94.63%","0","100"
"SCOPOLAMINE 1 MG/3DAYS TRANSDERMAL PATCH 72 HOUR","50742-0505-04","-30","2","13","225.84","94.79","-138.25%","-58.03%","0","4"
"EPINEPHRINE 0.3MG/0.3ML INJECTION 2ML","00115-1694-49","-200","6","12","3000.00","1435.64","-108.97%","-52.15%","0","2"
"TRESIBA FLEXTOUCH 200UNIT/ML INJECTION****","00169-2550-13","-435","2","12","1133.33","211.17","-436.69%","-81.37%","0","9"
"DIAZEPAM 5MG TABLET","00172-3926-60","356","3","12","2.06","0.56","-267.86%","-72.82%","0","100"
"ZAFEMY 150-35 MCG/24HR TRANSDERMAL PATCH WEEKLY","65162-0358-03","-234","2","12","525.24","400.65","-31.1%","-23.72%","0","3"
"IMIQUIMOD 5 % EXTERNAL CREAM","45802-0368-62","-576","1","12","25.80","21.75","-18.62%","-15.7%","0","24"
"PROGESTERONE 200 MG ORAL CAPSULE","59651-0153-01","-106","1","12","41.28","5.00","-725.6%","-87.89%","0","100"
"SULFAMETHOXAZOLE-TRIMETHOPRIM 400-80MG TABLET","65862-0419-01","-529","1","12","6.86","0.13","-5176.92%","-98.1%","0","100"
"MIDODRINE 5MG TABLET","64980-0434-01","-1524","1","12","25.08","1.76","-1325%","-92.98%","0","100"
"RIZATRIPTAN BENZOATE 10MG TABLET","67877-0262-18","-2118","1","12","343.79","2.38","-14344.96%","-99.31%","0","18"
"FLUTICASONE PROPIONATE HFA 220 MCG/ACT INHALATION AEROSOL","66993-0080-96","-216","1","12","417.00","217.96","-91.32%","-47.73%","0","12"
"OXYCODONE-APAP 5-325MG TABLET","47781-0196-05","3","1","12","10.71","0.49","-2085.71%","-95.42%","0","500"
"ADVAIR HFA 230-21 MCG/ACT INHALATION AEROSOL","00173-0717-20","-312","1","12","550.72","430.76","-27.85%","-21.78%","0","12"
"CLONIDINE 0.3MG/24HR PATCH","00378-0873-99","-120","1","12","928.32","92.64","-902.07%","-90.02%","0","4"
"ADVAIR HFA 45-21 MCG/ACT INHALATION AEROSOL 12GM","00173-0715-20","-276","1","12","337.01","238.42","-41.35%","-29.25%","0","12"
"NEOMYCIN-POLYMYXIN-HC 1 % OTIC SOLUTION","24208-0631-10","-80","1","10","86.58","46.82","-84.92%","-45.92%","0","10"
"AZITHROMYCIN 500MG TAB","00781-8090-03","-339","3","10","108.96","5.43","-1906.63%","-95.02%","0","3"
"ATROPINE SULFATE 1 % OPHTHALMIC SOLUTION","60219-1749-03","-195","2","10","100.42","51.13","-96.4%","-49.08%","0","5"
"OSELTAMIVIR PHOSPHATE 75MG ORAL CAPSULE","42806-0555-01","-130","1","10","132.93","10.06","-1221.37%","-92.43%","0","100"
"TIMOLOL MALEATE 0.5% SOLUTION","61314-0227-05","-1170","1","10","200.00","15.06","-1228.02%","-92.47%","0","5"
"SCOPOLAMINE 1 MG/3DAYS TRANSDERMAL PATCH 72 HOUR","50742-0505-10","-150","1","10","197.58","57.41","-244.16%","-70.94%","0","10"
"TRULICITY 1.5MG/0.5ML INJECTION","00002-1434-80","-498","3","10","5000.00","4879.36","-2.47%","-2.41%","0","2"
"NEOMYCIN-POLYMYXIN-HC 3.5-10000-1 OTIC SUSPENSION","61314-0645-11","-60","1","10","90.20","26.57","-239.48%","-70.54%","0","10"
"TIMOLOL MALEATE 0.5% SOLUTION","64980-0514-01","-600","1","10","100.00","14.16","-606.21%","-85.84%","0","10"
"LOTEPREDNOL ETABONATE 0.5 % OPHTHALMIC SUSPENSION","82260-0299-05","-45","1","10","441.10","150.64","-192.82%","-65.85%","0","5"
"HYDROCORTISONE-ACETIC ACID 1-2 % OTIC SOLUTION","51672-3007-01","-20","1","10","194.16","64.97","-198.85%","-66.54%","0","10"
"LUMIGAN 0.01 % OPHTHALMIC SOLUTION","00023-3205-05","-155","2","10","987.92","1024.94","3.61%","3.75%","0","5"
"TOBRAMYCIN-DEXAMETHASONE 0.3-0.1 % OPHTHALMIC SUSPENSION","00574-4031-10","-130","1","10","156.98","27.14","-478.41%","-82.71%","0","10"
"DORZOLAMIDE HCL 2 % OPHTHALMIC SOLUTION","72888-0077-15","-100","1","10","78.23","5.41","-1346.03%","-93.08%","0","10"
"VALTOCO 10 MG DOSE 10 MG/0.1ML NASAL LIQUID","72252-0510-05","-10","1","10","3946.40","3670.08","-7.53%","-7%","0","5"
"OFLOXACIN 0.3 % OPHTHALMIC SOLUTION","64980-0515-01","-110","1","10","116.67","20.65","-464.99%","-82.3%","0","10"
"WARFARIN SODIUM 10 MG ORAL TABLET","00093-1720-01","-160","1","10","8.75","11.18","21.74%","27.77%","0","100"
"PREDNISONE 50MG TABLET","64380-0949-06","-201","3","9","3.15","0.30","-950%","-90.48%","0","100"
"MOXIFLOXACIN HCL 0.5 % OPHTHALMIC SOLUTION","70069-0081-01","-30","3","9","306.51","19.60","-1463.83%","-93.61%","0","3"
"ZOLMITRIPTAN 5 MG ORAL TABLET DISINTEGRATING","62332-0182-03","-27","1","9","428.94","40.16","-968.08%","-90.64%","0","3"
"EYSUVIS 0.25 % OPHTHALMIC SUSPENSION","71571-0333-83","-190.9","1","8.3","499.08","507.66","1.69%","1.72%","0","8.3"
"EPINEPHRINE 0.3MG/0.3ML INJECTION","00093-5986-27","-236","4","8","2386.72","1191.90","-100.24%","-50.06%","0","2"
"FREESTYLE LIBRE 3 SENSOR","57599-0818-00","-243","4","8","504.96","639.78","21.07%","26.7%","0","1"
"DOTTI 0.1 MG/24HR TRANSDERMAL PATCH TWICE WEEKLY","65162-0997-08","-32","1","8","124.04","46.04","-169.42%","-62.88%","0","8"
"TRULICITY 3MG/0.5ML INJECTION","00002-2236-80","-364","2","8","3485.52","3785.09","7.91%","8.59%","0","2"
"ESTRADIOL 10MCG TABLET","00093-3223-08","-496","1","8","166.82","28.30","-489.47%","-83.04%","0","8"
"SIMBRINZA 1-0.2 % OPHTHALMIC SUSPENSION","00065-4147-27","-232","1","8","196.82","218.74","10.02%","11.14%","0","8"
"VYZULTA 0.024 % OPHTHALMIC SOLUTION","24208-0504-02","-247.5","3","7.5","745.80","760.23","1.9%","1.93%","0","2.5"
"CIPROFLOXACIN-DEXA 0.3-0.1% OTIC SUSP (EAR)","43598-0326-75","-225","1","7.5","231.36","52.44","-341.19%","-77.33%","0","7.5"
"TRAVOPROST  0.004% SOLUTION****","60505-0593-04","-90","1","7.5","540.78","107.61","-402.54%","-80.1%","0","2.5"
"ERYTHROMYCIN 5MG/GM OINTMENT","24208-0910-55","-504","2","7","26.60","18.22","-45.99%","-31.5%","0","3.5"
"ACETAMINOPHEN-CODEINE #3 300-30 MG TABLET","65162-0033-10","86","1","7","5.73","3.10","-84.84%","-45.9%","0","100"
"ZEPBOUND 12.5 MG/0.5ML AUTO-INJECTOR","00002-2460-80","-24","3","6","3281.34","3282.31","0.03%","0.03%","0","2"
"WEGOVY 1.7 MG/0.75ML AUTO-INJECTOR","00169-4517-14","-75","2","6","2784.38","2520.50","-10.47%","-9.48%","0","3"
"ONDANSETRON 4MG TAB ***","65862-0187-30","-1666","1","6","101.64","2.87","-3441.46%","-97.18%","0","30"
"HUMULIN R U-500 KWIKPEN 500UNIT/ML INJECTION","00002-8824-27","-108","1","6","699.00","546.17","-27.98%","-21.86%","0","6"
"MOUNJARO 15 MG/0.5ML PEN-INJECTOR","00002-1457-80","-46","3","6","3167.34","3210.31","1.34%","1.36%","0","2"
"TRULICITY 4.5 MG/0.5ML SOLUTION","00002-3182-80","-272","1","6","2744.79","2827.13","2.91%","3%","0","2"
"TRIAMCINOLONE ACETONIDE 0.1 % MOUTH/THROAT PASTE","64980-0320-05","-175","1","5","69.31","8.06","-759.93%","-88.37%","0","5"
"CONTOUR NEXT EZ W/DEVICE KIT","00193-7553-01","-196","5","5","77.40","71.32","-8.52%","-7.86%","0","1"
"BLOOD PRESSURE MACHINE ***  *TALKING SENSE*","91237-0001-78","-128","5","5","1500.00","252.50","-494.06%","-83.17%","0","1"
"NEOMYCIN-POLY-DEX OPTH SUSPENSION (EYE)","61314-0630-06","-285","1","5","30.80","9.98","-208.62%","-67.6%","0","5"
"CLONIDINE 0.1 MG/24HR TRANSDERMAL PATCH WEEKLY","75907-0023-48","-28","1","4","114.06","31.99","-256.55%","-71.95%","0","4"
"REPATHA SURECLICK 140MG/ML INJECTION","72511-0760-02","-192","2","4","1280.00","1116.08","-14.69%","-12.81%","0","2"
"BUPRENORPHINE 10 MCG/HR TRANSDERMAL PATCH WEEKLY","00093-3657-40","0","1","4","394.79","109.68","-259.95%","-72.22%","0","4"
"EPINEPHRINE (JR) 0.15MG/0.3ML","00093-5985-27","-24","2","4","1193.36","414.82","-187.68%","-65.24%","0","2"
"CYANOCOBALAMIN 1000 MCG/ML INJECTION SOLUTION","69680-0112-25","-66","2","4","13.29","13.36","0.52%","0.53%","0","25"
"ZEPBOUND 10 MG/0.5ML AUTO-INJECTOR","00002-2471-80","-28","2","4","2187.56","2098.41","-4.25%","-4.08%","0","2"
"MOUNJARO 10 MG/0.5ML PEN-INJECTOR","00002-1471-80","-194","2","4","2111.56","2112.13","0.03%","0.03%","0","2"
"SPIRIVA RESPIMAT 2.5MCG/ACT AEROSOL***","00597-0100-61","-16","1","4","750.00","514.86","-45.67%","-31.35%","0","4"
"SHINGRIX 50 MCG/0.5ML IM SUSP RECON","58160-0823-11","-71","4","4","1120.00","940.72","-19.06%","-16.01%","0","10"
"MOUNJARO 2.5 MG/0.5ML PEN-INJECTOR","00002-1506-80","-156","2","4","2111.56","2173.22","2.84%","2.92%","0","2"
"ESTRADIOL 0.0375 MG/24HR TRANSDERMAL PATCH WEEKLY","00781-7122-54","-44","1","4","79.83","39.31","-103.08%","-50.76%","0","4"
"CLONIDINE 0.2 MG/24HR TRANSDERMAL PATCH WEEKLY","75907-0024-48","-24","1","4","192.05","40.87","-369.9%","-78.72%","0","4"
"PODOFILOX 0.5 % EXTERNAL GEL","00574-0621-05","-91","1","3.5","588.25","479.56","-22.66%","-18.48%","0","3.5"
"MURO 128 5% OINTMENT","24208-0385-55","-21","1","3.5","16.30","18.55","12.13%","13.8%","0","3.5"
"NEOMYCIN-POLYMYXIN-DEXAMETH 3.5-10000-0.1 OPHTHALMIC OINTMENT","24208-0795-35","-126","1","3.5","17.08","10.89","-56.84%","-36.24%","0","3.5"
"WEGOVY 2.4 MG/0.75ML AUTO-INJECTOR","00169-4524-14","-33","1","3","1392.19","1283.48","-8.47%","-7.81%","0","3"
"IBANDRONATE SODIUM 150 MG ORAL TABLET","33342-0150-52","-3","1","3","357.91","11.32","-3061.75%","-96.84%","0","3"
"LEVOFLOXACIN 750MG TABLET","72578-0100-92","-258","1","3","93.07","0.65","-14218.46%","-99.3%","0","20"
"VEVYE 0.1 % OPHTHALMIC SOLUTION","82667-0900-02","-10","1","2","794.64","732.49","-8.48%","-7.82%","0","2"
"WEGOVY 0.25 MG/0.5ML AUTO-INJECTOR","00169-4525-14","-6","1","2","1392.19","1316.70","-5.73%","-5.42%","0","2"
"OPTICHAMBER DIAMOND-MD MASK****","08373-9826-00","-9","1","2","70.00","45.88","-52.57%","-34.46%","0","1"
"TESTOSTERONE CYPIONATE 200 MG/ML INTRAMUSCULAR SOLUTION","55150-0277-01","0","1","2","39.22","20.28","-93.39%","-48.29%","0","1"
"ZEPBOUND 2.5 MG/0.5ML AUTO-INJECTOR","00002-2506-80","-12","1","2","1093.78","1037.14","-5.46%","-5.18%","0","2"
"FREESTYLE LIBRE 3 PLUS SENSOR","57599-0844-00","-16","1","2","159.56","163.88","2.64%","2.71%","0","1"
"ACTEMRA ACTPEN 162 MG/0.9ML SUBCUTANEOUS SOLUTION AUTO-INJECTOR","50242-0143-01","-30.6","1","1.8","2424.80","2312.48","-4.86%","-4.63%","0","0.9"
"BROMFENAC SODIUM (ONCE-DAILY) 0.09% SOLUTION","72266-0142-01","-20.4","1","1.7","147.02","74.52","-97.29%","-49.31%","0","1.7"
"RASUVO 20MG/0.4ML INJECTION","59137-0530-04","-62.4","1","1.6","508.78","552.64","7.94%","8.62%","0","1.6"
"PREVNAR 20 0.5 ML INTRAMUSCULAR SUSPENSION PREFILLED SYRINGE","00005-2000-02","-8.5","2","1","540.34","613.24","11.89%","13.49%","0","0.5"
"SULFAMETHOXAZOLE-TRIMETHOPRIM 800-160 MG ORAL TABLET","00904-2725-61","-97","1","1","0.32","0.10","-220%","-68.75%","0","100"
"DEXCOM G7 RECEIVER DEVICE","08627-0078-01","-11","1","1","321.43","299.00","-7.5%","-6.98%","0","1"
"PREVNAR 20 0.5 ML PREFILLED SYRINGE","00005-2000-10","-7.5","2","1","566.52","596.62","5.05%","5.31%","0","5"
"ACCU-CHEK GUIDE W/DEVICE KIT","65702-0729-10","-11","1","1","24.72","21.18","-16.71%","-14.32%","0","1"
