"Drug Name","NDC #","Total Rxs","Quantity","Total",
"GAVILYTE G SOLUTION ***","43386-0090-19","8","32000","140.14"
"CONTOUR NEXT TEST  STRIPS*****","00193-7311-50","56","7700","8082.21"
"AMMONIUM LACTATE 12 % EXTERNAL CREAM","51672-1301-00","9","5005","327.39"
"ATORVASTATIN 20MG TABLET","70377-0078-13","53","4050","324.89"
"METFORMIN 1000MG TABLET","70010-0065-99","28","3420","157.27"
"ATORVASTATIN 40MG TABLET","70377-0079-13","41","3210","289.17"
"AMMONIUM LACTATE 12 % EXTERNAL LOTION","51672-1300-09","8","3200","162.99"
"METFORMIN HCL 500 MG TABLET","70010-0063-10","25","3060","115.26"
"OMEPRAZOLE 40MG CAPSULE DR","68462-0397-10","48","2954","304.92"
"AMLODIPINE 5MG TABLET ***","69097-0127-15","37","2910","155.47"
"PEN NEEDLES ALL","08290-3201-22","21","2900","1790.57"
"AMLODIPINE 10MG TABLET","69097-0128-15","40","2670","131.90"
"TAMSULOSIN 0.4MG CAPSULE","65862-0598-05","30","2465","212.43"
"KETOCONAZOLE 2 % EXTERNAL SHAMPOO","70954-0662-10","19","2280","208.15"
"RESTASIS 0.05% EMULSION ***","00023-9163-60","23","2220","22664.62"
"OXYCODONE-APAP 10-325MG TABLET","47781-0230-05","22","2192","423.98"
"ELIQUIS 5MG TAB ***","00003-0894-21","16","2100","9556.33"
"ATORVASTATIN 80MG  TABLET","70377-0080-13","26","2070","221.69"
"PANTOPRAZOLE 40MG TAB ***","65862-0560-99","33","2039","243.88"
"ALCOHOL PADS ULTICARE","08222-4400-06","14","2000","99.61"
"CHLORHEXIDINE 0.12% SOLUTION ***","00116-2001-16","4","1892","21.39"
"GABAPENTIN 300 MG CAPSULE","67877-0223-05","26","1890","113.53"
"JARDIANCE 25MG TAB ***","00597-0153-30","27","1830","14456.89"
"AMMONIUM LACTATE 12 % EXTERNAL CREAM","51672-1301-04","8","1820","116.60"
"JARDIANCE 10MG TAB ***","00597-0152-30","23","1740","13865.43"
"FAMOTIDINE 20MG TABLET","67877-0842-10","22","1638","91.72"
"NA SULFATE-K SULFATE-MG SULF 17.5-3.13-1.6 GM/177ML ORAL SOLUTION","67877-0725-92","4","1416","194.66"
"METOPROLOL SUCCINATE 50MG TABLET ER","45963-0676-96","16","1410","177.48"
"ATORVASTATIN 10MG TABLET","70377-0077-13","21","1410","109.10"
"HYDROCHLOROTHIAZIDE 25MG TABLET","23155-0008-10","19","1350","32.52"
"MONTELUKAST 10MG TAB ***","29300-0220-10","22","1320","188.16"
"OMEPRAZOLE 20MG CAPSULE DR","00781-2868-10","27","1320","40.42"
"AMMONIUM LACTATE 12 % EXTERNAL LOTION","51672-1300-05","5","1300","58.46"
"LOSARTAN 100MG TABLET","65862-0203-99","15","1290","120.93"
"SUCRALFATE 1 GM/10ML ORAL SUSPENSION","82182-0106-14","1","1260","168.03"
"CARVEDILOL 6.25MG TAB ***","68382-0093-05","7","1260","17.45"
"IBUPROFEN 600 MG TABLET","69367-0395-05","20","1216","94.06"
"ROBAFEN DM 20-200 MG/20ML ORAL LIQUID","00904-7223-20","4","1180","45.25"
"FAMOTIDINE 40MG TABLET","70756-0052-12","16","1170","80.49"
"METOPROLOL SUCCINATE ER 25MG TABLET","70010-0780-05","18","1140","98.85"
"ROSUVASTATIN 40MG TABLET","70377-0009-13","16","1140","115.91"
"EZETIMIBE 10MG TABLET***","67877-0490-05","13","1110","184.13"
"OMEGA-3-ACID ETHYL ESTERS 1 GM ORAL CAPSULE","65162-0034-16","8","1110","219.45"
"LOSARTAN 50MG TABLET","65862-0202-99","14","1080","73.60"
"IBUPROFEN 100 MG/5ML SUSPENSION","59651-0032-12","5","1080","69.33"
"FLUTICASONE 50MCG (NASAL) SUSPENSION","60505-0829-01","61","1072","714.29"
"LOSARTAN POTASSIUM 25MG TABLET","68180-0376-03","16","1020","71.17"
"NAPROXEN 500MG TABLET","65862-0522-05","14","996","138.49"
"SPIRONOLACTONE 25MG TABLET","68382-0660-10","16","975","89.96"
"OXYCODONE-ACETAMINOPHEN 10-325MG TABLET","47781-0230-01","12","967","193.44"
"JANUMET 50-1000MG TABLET","00006-0577-61","8","960","4931.54"
"LACTULOSE 10 GM/15ML ORAL SOLUTION","00116-4005-16","2","946","22.02"
"SIMVASTATIN 20MG TABLET","16729-0005-17","13","930","45.12"
"CARVEDILOL 25 MG TABLET ***","72888-0037-00","7","930","43.67"
"ACCU-CHEK GUIDE IN VITRO STRIP","65702-0711-10","7","900","332.06"
"SACUBITRIL-VALSARTAN 24-26 MG ORAL TABLET","72205-0280-60","5","900","617.60"
"METFORMIN HCL 850 MG ORAL TABLET","70010-0064-05","6","870","39.22"
"GABAPENTIN 100MG CAPSULE","67877-0222-10","12","840","31.91"
"XIIDRA 5 % OPHTHALMIC SOLUTION*****","24208-0911-12","14","840","9810.52"
"CARVEDILOL 12.5MG TABLET","72888-0036-00","6","840","43.51"
"ALBUTEROL SULFATE HFA 108 (90 BASE)MCG/ACT AEROSOL","68180-0963-01","66","807.5","1941.35"
"TRIAMCINOLONE ACETONIDE 0.1 % EXTERNAL OINTMENT","33342-0333-80","10","800","111.08"
"LISINOPRIL 20MG TABLET","68180-0981-03","9","780","32.26"
"AMMONIUM LACTATE 12%CREAM 385GM","45802-0493-26","2","770","43.08"
"ROSUVASTATIN 20MG TABLET","68462-0263-10","11","750","73.92"
"LINZESS 145MCG CAPSULE***","00456-1201-30","15","750","6630.48"
"GABAPENTIN 400MG CAP ***","67877-0224-05","9","750","62.06"
"PROMETHAZINE HCL 6.25 MG/5ML ORAL SOLUTION","70752-0138-12","4","740","19.40"
"CYCLOBENZAPRINE 10MG TABLET","72888-0014-00","14","725","65.01"
"ALBUTEROL SULFATE (2.5 MG/3ML) 0.083% INHALATION NEBULIZATION SOLUTION","76204-0200-30","5","720","62.99"
"FOLIC ACID 1MG TABLET **","69315-0127-10","12","720","126.72"
"METOPROLOL SUCCINATE ER 100MG TABLET","70010-0782-05","8","720","177.77"
"CETIRIZINE HCL 1 MG/ML ORAL SOLUTION","51672-4070-08","2","720","35.54"
"CLOPIDOGREL BISULFATE 75 MG ORAL TABLET","43598-0121-05","10","704","30.03"
"LANCETS EASY COMFORT","91237-0001-16","5","700","207.03"
"AMLODIPINE 2.5MG TABLET","67877-0197-10","8","660","37.11"
"LAMOTRIGINE 25MG TABLET","65862-0227-01","2","660","20.97"
"IPRATROPIUM-ALBUTEROL 0.5-2.5 (3)MG/3ML SOLUTION","69097-0173-53","3","630","40.14"
"LEVETIRACETAM 500MG TAB ***","31722-0537-05","4","600","68.33"
"ALCOHOL PADS EASY COMFORT  ALPINE *****","91237-0001-28","4","600","86.03"
"PEN NEEDLES 32G X 4 MM","56151-2114-01","5","600","197.00"
"CLOTRIMAZOLE-BETAMETHASONE 1-0.05 % EXTERNAL CREAM","00168-0258-46","11","585","223.72"
"GLIPIZIDE ER 10MG TABLET","59651-0782-05","5","570","66.25"
"DAPAGLIFLOZIN PROPANEDIOL 10MG TABLET","66993-0457-30","7","570","3452.90"
"GABAPENTIN 800 MG TABLET","65862-0524-05","4","570","38.84"
"IBUPROFEN 800MG TAB ****","67877-0321-05","9","541","66.13"
"PROPRANOLOL HCL 20 MG ORAL TABLET","69238-2078-07","4","540","34.12"
"BACLOFEN 10MG TAB ***","00172-4096-80","8","540","56.96"
"HYDRALAZINE HCL 100MG TABLET","23155-0835-01","2","540","17.20"
"LOSARTAN HCTZ 100-25MG TABLET","00093-7368-10","6","540","52.09"
"MELOXICAM 15MG TAB ***","69097-0159-12","16","534","60.67"
"FUROSEMIDE 20MG TAB ***","69315-0116-10","7","510","24.71"
"ROSUVASTATIN 10 MG ORAL TABLET","69367-0360-05","7","510","93.45"
"ATOVAQUONE 750 MG/5ML ORAL SUSPENSION","31722-0629-21","2","510","330.32"
"LANCETS PRODIGY","08484-0810-28","5","500","45.48"
"ALBUTEROL HFA 108  MCG/AC (VENTOLIN 18GM) ***","66993-0019-68","17","486","826.92"
"JANUVIA 100MG TAB","00006-0277-31","6","480","1875.19"
"LEVOTHYROXINE 100MCG TABLET","68180-0969-03","8","480","103.54"
"TRELEGY ELLIPTA 100-62.5-25MCG/INH AEROSOL","00173-0887-10","4","480","5218.26"
"TICAGRELOR 90 MG ORAL TABLET","67877-0491-60","4","480","348.37"
"VASCEPA 1GM CAPSULE","52937-0001-20","2","480","1332.39"
"BREO ELLIPTA 100-25 MCG/ACT INH AEROSOL","00173-0859-10","4","480","3033.65"
"NYSTATIN 100000 UNIT/ML MOUTH/THROAT SUSPENSION","00121-0868-16","1","473","31.74"
"LACTULOSE ENCEPHALOPATHY 10 GM/15ML ORAL SOLUTION","64980-0592-48","1","473","16.05"
"LACTULOSE 10 GM/15ML ORAL SOLUTION","00121-0873-16","1","473","10.97"
"TRIAMCINOLONE ACETONIDE 0.1% CREAM","67877-0251-45","1","454","13.76"
"TRIAMCINOLONE 0.1% EXTERNAL OINTMENT","33342-0333-54","1","454","26.45"
"FINASTERIDE 5MG TAB ***","16729-0090-16","7","450","24.66"
"LISINOPRIL 5MG TABLET","68180-0513-03","5","450","11.54"
"LISINOPRIL-HCTZ 10-12.5MG TAB ***","68180-0518-02","6","450","50.79"
"HYDRALAZINE HCL 25 MG TABLET","23155-0833-10","3","450","11.02"
"ATENOLOL 50MG TABLET","65862-0169-99","4","450","22.77"
"ESCITALOPRAM 10MG TABLET","13668-0136-10","10","435","55.46"
"OXYCODONE HCL 10 MG ORAL TABLET","10702-0056-01","5","434","81.85"
"JANUMET 50-500 MG ORAL TABLET","00006-0575-61","3","420","2141.83"
"CLINDAMYCIN PHOSPHATE 1 % EXTERNAL LOTION","21922-0036-01","6","420","138.83"
"LEVOTHYROXINE 75MCG TABLET","68180-0967-03","6","420","89.26"
"TORSEMIDE 20MG TABLET","50111-0917-03","4","420","47.99"
"CHLORTHALIDONE 25MG TABLET","70756-0011-12","7","420","65.68"
"ELIQUIS 2.5MG TAB ***","00003-0893-21","3","420","1740.00"
"LOSARTAN-HCTZ 100-25MG TABLET","43547-0424-09","6","420","38.50"
"MECLIZINE HCL 25MG TABLET","59746-0121-10","8","409","63.25"
"SERTRALINE 50MG TABLET","65862-0012-05","9","405","51.90"
"LIDOCAINE VISCOUS 2 % ORAL SOLUTION","00054-3500-49","2","400","23.28"
"FREESTYLE LITE TEST  STRIP*****","99073-0708-22","3","400","529.31"
"LANTUS SOLOSTAR 100UNIT/ML INJECTION******","00088-2219-05","25","396","2441.21"
"TRAZODONE 50MG TABLET","50111-0560-03","9","396","45.41"
"CLOTRIMAZOLE 1 % SOLUTION ***","52817-0800-30","13","390","367.79"
"PIOGLITAZONE 30MG TABLET","57237-0220-05","5","390","40.32"
"CALCIUM CARBONATE 500MG TABLET CHEWABLE","00536-1007-15","3","390","36.56"
"LOSARTANHCTZ 100-12.5 MG TABLET","33342-0051-44","5","390","49.70"
"HYDROXYZINE HCL 25MG TABLET","23155-0501-10","6","367","36.59"
"LISINOPRIL-HCTZ 20-25MG TAB ***","68180-0520-02","5","360","47.50"
"SACUBITRIL-VALSARTAN 97-103 MG ORAL TABLET","72205-0282-60","2","360","342.51"
"GLIPIZIDE 10MG TAB ***","60505-0142-01","4","360","11.87"
"DONEPEZIL 10MG TAB ***","43547-0276-11","6","360","11.30"
"ROSUVASTATIN 5MG TABLET","70377-0006-13","6","360","22.65"
"SYSTANE PRESERVATIVE FREE 0.4-0.3 % OPHTHALMIC SOLUTION","00065-0431-33","11","360","161.65"
"METFORMIN 850 MG TABLET","70010-0064-10","2","360","6.84"
"JANUVIA 50MG TABLET","00006-0112-31","5","360","1417.46"
"ICOSAPENT ETHYL 1GM CAPSULE","60505-4033-01","1","360","205.20"
"SACUBITRIL-VALSARTAN 49-51 MG ORAL TABLET","43598-0644-18","2","360","387.85"
"CLONAZEPAM 2MG TABLET","59651-0724-05","5","350","40.13"
"ZOLPIDEM TARTRATE 10MG TAB ***","13668-0008-05","12","345","17.52"
"LINZESS 290MCG CAP ***","00456-1202-30","7","330","2962.83"
"SERTRALINE 25MG TABLET","65862-0011-05","7","330","37.52"
"LISINOPRIL 40MG TABLET","68180-0979-03","5","330","23.71"
"SERTRALINE 100MG TABLET","65862-0013-05","6","330","34.92"
"LEVOTHYROXINE 125MCG TABLET","68180-0971-03","5","330","74.43"
"METFORMIN ER 500MG TAB ***","62756-0142-02","4","330","30.73"
"GABAPENTIN 600MG TABLET","65862-0523-05","5","330","52.51"
"METOPROLOL SUCCINATE ER 200MG TABLET","70010-0783-05","4","330","107.55"
"TRIAMCINOLONE ACETONIDE 0.025 % EXTERNAL CREAM ***","45802-0063-36","4","320","35.00"
"VITAMIN D 50 000 U CAPSULE","64380-0737-06","44","314","310.20"
"FLUTICASONE-SALMETEROL 250-50 MCG/ACT INH AEROSOL","00054-0327-56","5","300","293.46"
"MIRTAZAPINE 15MG TABLET","13107-0031-05","8","300","44.21"
"KETOCONAZOLE 2% CREAM","00168-0099-60","5","300","118.85"
"HYDROCORTISONE 2.5% CREAM","00168-0080-31","9","300","43.73"
"NIFEDIPINE 60MG TABLET ER","50742-0261-03","4","300","61.94"
"METHYLIN 5 MG/5ML ORAL SOLUTION","59630-0750-50","1","300","33.43"
"QUETIAPINE 50MG TABLET","67877-0249-10","5","300","39.51"
"FUROSEMIDE 40 MG TABLET","69315-0117-10","4","300","27.99"
"IPRATROPIUM BROMIDE 0.02 % INHALATION SOLUTION","76204-0100-30","1","300","52.17"
"GLIPIZIDE 5MG TAB ***","60505-0141-01","4","300","18.81"
"METFORMIN ER 500MG TABLET **","67877-0159-05","4","300","58.55"
"CLOBETASOL PROPIONATE 0.05 % SOLUTION","33342-0321-86","6","300","243.64"
"ONETOUCH ULTRA BLUE  STRIP*****","53885-0244-50","1","300","454.58"
"LANCETS PHARMACIST CHOICE","98302-0001-04","1","300","111.39"
"GLIPIZIDE ER 5 MG TABLET","64980-0280-01","4","300","22.19"
"SODIUM CHLORIDE 0.9 % INHALATION NEBULIZATION SOLUTION","76204-0300-03","1","300","19.83"
"BUPROPION HCL ER (XL) 150MG","68180-0319-02","6","291","57.22"
"QUETIAPINE FUMARATE 100MG TABLET","67877-0250-01","6","285","39.10"
"JUNEL FE 1/20 1-20MG TABLET****","00555-9026-58","4","280","66.26"
"IBUPROFEN 400MG TABLET","67877-0319-05","9","278","71.09"
"ENALAPRIL 20MG TABLET","23155-0773-10","3","270","37.60"
"MEMANTINE 5MG TABLET","61442-0192-05","4","270","36.60"
"TRADJENTA 5MG TAB ***","00597-0140-30","3","270","4356.45"
"TIZANIDINE 2MG TABLET","57664-0502-89","7","270","41.92"
"LISINOPRIL 10MG TABLET","68180-0980-03","3","270","14.60"
"DULOXETINE 30MG  CAPSULE DR","68180-0295-03","6","270","31.42"
"CITALOPRAM 10MG TABLET","69097-0822-12","3","270","6.75"
"MEMANTINE 10MG TABLET","33342-0298-15","4","270","28.49"
"XARELTO 20MG TAB","50458-0579-30","3","270","1858.16"
"REPAGLINIDE 2MG TABLET","57237-0159-01","1","270","23.42"
"CHLORPROMAZINE HCL 50 MG ORAL TABLET","00832-6019-10","1","270","105.31"
"HYDROCHLOROTHIAZIDE 12.5MG CAPSULE","50228-0146-10","3","270","4.26"
"VALACYCLOVIR 1GM TABLET","57237-0043-90","9","259","127.65"
"ESTRADIOL 0.1 MG/GM VAGINAL CREAM","66993-0002-10","6","255","157.10"
"TRAZODONE 100MG TABLET","50111-0561-03","7","255","35.12"
"ESCITALOPRAM 20MG TABLET","43547-0282-11","9","255","66.98"
"CYCLOBENZAPRINE 5MG TABLET","72888-0012-05","5","247","4.63"
"DOXYCYCLINE HYCLATE 100MG CAPSULE*****","00143-9803-05","9","246","65.85"
"BUSPIRONE 10MG TABLET","23155-0024-05","4","240","17.46"
"DICLOFENAC SOD 50MG TAB DR ***","61442-0102-01","5","240","45.08"
"SACUBITRIL-VALSARTAN 49-51 MG ORAL TABLET","72205-0281-60","2","240","491.41"
"CEQUA 0.09% SOLUTION","47335-0506-96","2","240","2448.39"
"NEXIUM 40MG CAPSULE****","00186-5040-31","2","240","2069.52"
"METOPROLOL TARTRATE 50MG TABLET","57237-0101-99","2","240","4.14"
"AZELASTINE HCL 137 MCG/SPRAY NASAL SOLUTION","65162-0676-84","8","240","114.04"
"RYBELSUS 14MG TABLET","00169-4314-30","4","240","7523.20"
"PIOGLITAZONE 15MG TABLET","57237-0219-05","4","240","18.19"
"CLOBETASOL PROPIONATE 0.05% OINTMENT","51672-1259-03","4","240","271.58"
"PROPRANOLOL 10MG TABLET ***","69238-2077-01","2","240","32.41"
"LEVOTHYROXINE 25MCG TABLET","68180-0965-03","4","240","38.75"
"BUDESONIDE 0.5MG/2ML INHALATION SUSPENSION","00093-6816-73","3","240","65.31"
"AMITRIPTYLINE 10 MG TABLET","57664-0687-88","3","240","38.93"
"TRIAMCINOLONE ACETONIDE 0.1 % EXTERNAL CREAM","21922-0062-15","3","240","23.66"
"CARVEDILOL 3.125MG TAB ***","68382-0092-05","2","240","3.81"
"LACOSAMIDE 100MG TABLET","62332-0172-60","2","240","66.53"
"CICLOPIROX 1 % EXTERNAL SHAMPOO","45802-0401-09","2","240","57.89"
"QUETIAPINE 25MG TABLET","67877-0242-01","4","231","39.45"
"ALBUTEROL SULFATE 0.63 MG/3ML INHALATION NEBULIZATION SOLUTION","00378-7057-52","2","225","41.43"
"OXYCODONE-ACETAMINOPHEN 5-325 MG ORAL TABLET","47781-0196-01","3","225","35.92"
"CLOTRIMAZOLE 1% CREAM ***","51672-1275-06","5","225","52.25"
"LEVALBUTEROL HCL 0.63 MG/3ML INHALATION NEBULIZATION SOLUTION","76204-0800-25","1","225","40.31"
"MYRBETRIQ 50MG TABLET***","00469-2602-30","3","210","3078.07"
"ESOMEPRAZOLE 40MG CAPSULE DR","70377-0056-12","3","210","46.64"
"GEMTESA 75MG TABLET","73336-0075-30","3","210","3378.12"
"TOPIRAMATE 50MG TAB ***","68382-0139-05","4","210","26.93"
"BUPROPION HCL ER (XL) 300MG TABLET","69097-0072-12","5","210","60.54"
"DICLOFENAC SOD 75MG TAB DR ***","61442-0103-05","5","210","48.22"
"AMIODARONE 200MG TABLET","65862-0732-05","3","210","22.26"
"ATENOLOL-CHLORTHALIDONE 50-25MG TABLET","70710-1167-01","3","210","51.70"
"LISINOPRIL-HCTZ 20-12.5MG TAB ***","68180-0519-02","3","210","4.69"
"DICLOFENAC SODIUM 3 % EXTERNAL GEL","45802-0111-01","2","200","84.30"
"PSEUDOEPH-BROMPHEN-DM 30-2-10 MG/5ML ORAL SYRUP","42192-0607-16","1","200","9.12"
"LO-ZUMANDIMINE 3-0.02 MG ORAL TABLET","59651-0029-88","3","196","43.19"
"CLONIDINE 0.1MG TAB ***","52817-0180-10","4","193","34.91"
"TRELEGY ELLIPTA 200-62.5-25 MCG/ACT INHALATION AER","00173-0893-10","3","180","2007.38"
"CLONAZEPAM 1MG TABLET","00093-3212-01","3","180","18.47"
"SANTYL 250 UNIT/GM EXTERNAL OINTMENT","50484-0010-90","2","180","1915.54"
"XIGDUO XR 5-1000 MG TABLET ER","00310-6260-60","1","180","1683.66"
"REPAGLINIDE 1MG TAB ***","57237-0158-01","1","180","20.47"
"ADVAIR DISKUS 250-50MCG/DOSE AEROSOL 60EA***","00173-0696-00","1","180","535.32"
"PRAVASTATIN 20MG TABLET","00093-7201-10","2","180","21.86"
"POTASSIUM CITRATE 15MEQ TABLET EXTENDED RELEASE","71930-0050-12","2","180","46.35"
"LEVETIRACETAM 1000MG TAB ***","31722-0539-60","2","180","33.80"
"PIOGLITAZONE 45MG TABLET","57237-0221-05","2","180","30.43"
"PRIMIDONE 250 MG ORAL TABLET","53746-0545-01","1","180","53.24"
"FLUOCINONIDE 0.05% EXTERNAL SOLUTION","51672-1273-04","3","180","81.50"
"AMLODIPINE-BENAZEPRIL 10-20MG CAPSULE","68180-0472-01","2","180","28.41"
"LEVOTHYROXINE 50MCG TABLET","68180-0966-03","4","180","44.31"
"GEMFIBROZIL 600MG TAB ***","69097-0821-12","1","180","28.66"
"CLINDAMYCIN PHOSPHATE 1 % EXTERNAL SOLUTION","51672-4081-04","3","180","65.51"
"OXYCODONE 15 MG TABLET ***","47781-0264-05","2","180","25.46"
"PRAVASTATIN 40MG TABLET","00093-7202-10","2","180","17.24"
"ACETAZOLAMIDE 250 MG ORAL TABLET","72578-0150-01","1","180","55.59"
"DORZOLAMIDE - TIMOLOL 2-0.5 % OPTH SOLUTION","42571-0382-73","1","180","202.40"
"DABIGATRAN ETEXILATE MESYLATE 150 MG ORAL CAPSULE","60505-4348-06","1","180","139.93"
"LEVETIRACETAM 750MG TABLET","31722-0538-12","2","180","26.43"
"OLMESARTAN 40MG TABLET","68462-0438-90","2","180","73.73"
"MYCOPHENOLATE MOFETIL 500MG TABLET","64380-0725-07","1","180","93.36"
"RIVASTIGMINE TARTRATE 3 MG ORAL CAPSULE","33342-0090-09","1","180","52.29"
"RANOLAZINE ER 500 MG ORAL TABLET EXTENDED RELEASE 12 HOUR","31722-0668-60","1","180","23.92"
"ATENOLOL 25MG TABLET","65862-0168-99","2","180","4.60"
"CILOSTAZOL 100MG TABLET","60505-2522-01","1","180","19.58"
"IRBESARTAN 300MG TABLET","62332-0043-90","2","180","59.86"
"HYDROCHLOROTHIAZIDE 12.5MG TABLET","69315-0155-01","2","180","15.71"
"VALSARTAN 320MG TABLET","00378-5815-77","2","180","58.97"
"CYCLOSPORINE 0.05 % OPHTHALMIC EMULSION","00378-8760-91","1","180","412.20"
"ALBUTEROL SULFATE (2.5 MG/3ML) 0.083% INHALATION NEBULIZATION SOLUTION","47335-0703-52","2","180","18.12"
"LABETALOL 100MG TAB ***","68382-0798-05","1","180","30.22"
"HYDRALAZINE HCL 50MG TABLET","23155-0003-10","1","180","17.49"
"LABETALOL 300MG TABLET","68382-0800-01","1","180","55.57"
"AVIANE 0.1-20MG TABLET******","00555-9045-58","2","168","55.80"
"LATANOPROST 0.005 % OPHTHALMIC SOLUTION","59762-0333-02","42","167.5","365.19"
"INCRUSE ELLIPTA 62.5MCG/INH AEROSOL*****","00173-0873-10","3","150","1692.60"
"WARFARIN SODIUM 5MG TAB ***","00093-1721-01","3","150","41.94"
"LOSARTAN-HCTZ 50-12.5 MG TABLET","33342-0050-44","3","150","26.89"
"EXEMESTANE 25MG TABLET","71921-0190-33","3","150","116.87"
"LINZESS 72 MCG ORAL CAPSULE","00456-1203-30","3","150","1366.45"
"LOKELMA 10GM PACK","00310-1110-30","5","150","4270.90"
"BISOPROLOL-HCTZ 10-6.25MG TABLET","00378-0505-01","3","150","23.02"
"VALSARTAN 80MG TABLET","00378-5813-77","3","150","37.45"
"SILVER SULFADIAZINE 1 % EXTERNAL CREAM","67877-0124-05","3","150","32.53"
"LIDOCAINE 5% PATCH ***","00591-3525-30","3","150","392.33"
"METOPROLOL TARTRATE 25MG TABLET","57237-0100-99","2","150","22.94"
"RYBELSUS 3MG TABLET","00169-4303-30","3","150","4839.98"
"AMOXICILLIN 500 MG CAPSULE","57237-0031-05","7","147","28.68"
"METRONIDAZOLE 0.75% VAGINAL GEL","73473-0303-70","2","140","35.02"
"MOMETASONE FUROATE 0.1 % EXTERNAL CREAM","00713-0634-37","3","135","68.48"
"TRETINOIN 0.025 % EXTERNAL CREAM","51672-1407-09","3","135","212.48"
"BENZONATATE 200MG CAPSULE","42806-0715-01","5","132","53.79"
"IPRATROPIUM BROMIDE 0.02 % INHALATION SOLUTION","00378-7970-52","1","125","13.75"
"NITROGLYCERIN 0.4 MG SUBLINGUAL TAB 25X4","59762-3304-03","2","125","57.28"
"DONEPEZIL 5MG TAB ***","43547-0275-11","2","120","2.47"
"INDAPAMIDE 1.25MG TABLET","62559-0510-01","2","120","15.04"
"CICLOPIROX 0.77 % EXTERNAL SUSPENSION","45802-0400-49","4","120","128.09"
"CICLOPIROX 0.77% CREAM ***","51672-1318-02","3","120","61.30"
"AMLODIPINE-OLMESARTAN 5-20MG TABLET","42571-0235-30","2","120","17.26"
"TIZANIDINE 4MG TABLET","57664-0503-18","4","120","16.09"
"TRANEXAMIC ACID 650MG TABLET","69918-0301-30","1","120","161.66"
"VRAYLAR 1.5MG CAPSULE","61874-0115-30","4","120","6129.43"
"VALSARTAN-HCTZ 160-25MG TABLET","00378-6323-77","2","120","22.71"
"CITALOPRAM 20MG TABLET","69097-0823-12","2","120","8.03"
"CELECOXIB 100MG CAP ***","69097-0422-07","2","120","2.32"
"ANASTROZOLE 1MG TABLET","16729-0035-10","2","120","12.74"
"GLIPIZIDE-METFORMIN 2.5-500MG TABLET","00093-7456-01","2","120","36.23"
"METOCLOPRAMIDE 5MG TABLET","00093-2204-05","1","120","3.97"
"MECLIZINE 25MG TABLET","65162-0442-10","2","120","21.83"
"NIFEDIPINE 90MG TABLET ER","59651-0297-01","2","120","45.64"
"ALLOPURINOL 100 MG TABLET","00378-0137-10","2","120","16.57"
"MEMANTINE HCL ER 7 MG ORAL CAPSULE EXTENDED RELEASE 24 HOUR","70436-0054-04","2","120","72.81"
"AMLODIPINE BESYLATE-VALSARTAN 10-160 MG ORAL TABLET","33342-0280-07","2","120","38.44"
"OMEPRAZOLE 20MG CAPSULE DR","68462-0396-10","2","120","2.86"
"NYSTATIN 100000UNIT/GM POWDER****","00832-0465-30","2","120","93.05"
"SPIRONOLACTONE 50MG TABLET","68382-0661-05","2","120","29.97"
"MESALAMINE ER 0.375GCAPSULE","68382-0452-19","1","120","29.47"
"EMTRICITABINE-TENOFOVIR DF 200-300MG TABLET","42385-0953-30","2","120","86.85"
"METHENAMINE HIPPURATE 1GM TABLET","65862-0782-01","1","120","30.01"
"FLUTICASONE-SALMETEROL 100-50 MCG/ACT INH AEROSOL","00054-0326-56","2","120","77.17"
"MIRABEGRON ER 25MG TABLET","70710-1159-03","4","120","951.74"
"DAPAGLIFLOZIN PROPANEDIOL 5MG TABLET","66993-0456-30","2","120","725.77"
"CLONAZEPAM 0.5MG TABLET","59651-0722-99","4","120","32.13"
"TOPIRAMATE 25MG TABLET","68382-0138-05","3","120","24.62"
"VERAPAMIL ER 120MG TABLET","68462-0292-01","2","120","19.54"
"LACOSAMIDE 200 MG ORAL TABLET","62332-0174-60","1","120","46.03"
"LITHIUM CARBONATE 300MG CAP ***","31722-0545-01","1","120","4.87"
"NIFEDIPINE 30MG TABLET ER","50742-0260-03","2","120","10.01"
"OXYCODONE 30MG TABLET","10702-0009-50","1","120","43.09"
"BUDESONIDE 0.5 MG/2ML INHALATION SUSPENSION","00093-6816-55","1","120","32.77"
"ARIPIPRAZOLE 2MG TABLET","67877-0430-03","2","120","17.66"
"LAMOTRIGINE 150MG  TABLET","65862-0229-60","1","120","18.31"
"RYBELSUS 7MG TABLET","00169-4307-30","2","120","3836.17"
"LEVOCETIRIZINE 5MG TABLET","31722-0551-90","2","120","7.46"
"NABUMETONE 500MG TABLET","69367-0241-01","3","118","17.94"
"BUDESONIDE-FORMOTEROL FUMARATE 80-4.5MCG/ACT AEROSOL","00310-7372-20","9","112.2","1438.98"
"ALTAVERA 0.15-30MG TABLET****","70700-0116-85","2","112","32.92"
"NORETHINDRONE 0.35MG TABLET ***","68180-0876-73","2","112","19.75"
"ALENDRONATE 70MG TAB ***","69097-0224-16","11","108","66.03"
"BREZTRI AEROSPHERE 160-9-4.8 MCG/ACT INHALATION AEROSOL","00310-4616-12","8","107","6607.83"
"OZEMPIC (0.25 OR 0.5 MG/DOSE) 2 MG/3ML PEN-INJECTOR","00169-4181-13","30","105","34079.04"
"CLINDAMYCIN PHOS-BENZOYL PEROX 1.2-2.5 % EXTERNAL GEL","45802-0597-01","2","100","74.63"
"SODIUM FLUORIDE 5000 PPM 1.1 % DENTAL PASTE","11527-0750-43","1","100","13.22"
"LIDOCAINE 5 % EXTERNAL OINTMENT","33342-0405-50","2","100","21.95"
"PROMETHAZINE-DM 6.25-15 MG/5ML ORAL SYRUP","70436-0155-42","1","100","2.89"
"ALFUZOSIN HCL ER 10 MG TABLET","29300-0155-01","3","91","6.77"
"SYNTHROID 75MCG TABLET ***","00074-5182-90","1","90","148.08"
"FARXIGA 10MG TABLET****","00310-6210-30","3","90","919.98"
"GLIMEPIRIDE 4MG TAB ***","16729-0003-01","1","90","5.54"
"AMLODIPINE-VALSARTAN-HCTZ 5-160-12.5 MG ORAL TABLET","65862-0834-30","1","90","398.26"
"ACYCLOVIR 200MG CAPSULE","72578-0002-05","1","90","4.52"
"POTASSIUM ER 20MEQ TABLET","00832-5325-10","2","90","19.41"
"CEVIMELINE 30MG CAP ***","16571-0657-10","1","90","51.92"
"ISOSORBIDE MONONITRATE 30MG TABLET ER","23155-0519-01","1","90","16.44"
"DUTASTERIDE 0.5MG CAP ***","31722-0131-30","1","90","10.56"
"LOVASTATIN 20MG TAB ***","68180-0468-01","1","90","2.15"
"TACROLIMUS 0.1 % OINTMENT","00168-0416-30","2","90","273.87"
"BIKTARVY 50-200-25MG TABLET","61958-2501-01","3","90","12312.11"
"PANTOPRAZOLE 20MG TAB ***","13668-0096-90","3","90","5.47"
"ALPRAZOLAM 2 MG ORAL TABLET","65862-0679-01","1","90","14.50"
"CLOTRIMAZOLE-BETAMETHASONE 1-0.05 % EXTERNAL CREAM","00472-0379-45","2","90","25.36"
"VALSARTAN 40MG TABLET","55111-0731-30","1","90","29.98"
"XARELTO 15MG TAB","50458-0578-30","1","90","619.76"
"FENOFIBRATE MICRONIZED 134MG CAPSULE","62332-0085-31","1","90","9.09"
"KERENDIA 10 MG TABLET","50419-0540-01","1","90","2008.78"
"ATENOLOL 100 MG TABLET","65862-0170-99","1","90","2.63"
"ALLOPURINOL 300 MG TABLET","55111-0730-05","1","90","6.48"
"HYDROXYUREA 500MG CAPSULE","69315-0164-01","1","90","12.82"
"CARBATROL 300MG EXT-RELEASE CAPSULE****","54092-0173-12","1","90","163.05"
"ALOGLIPTIN BENZOATE 25MG TABLET","45802-0150-65","1","90","420.24"
"CLOBAZAM 10MG TABLET","42571-0315-01","1","90","34.28"
"VALSARTAN-HYDROCHLOROTHIAZIDE 80-12.5 MG ORAL TABLET","00378-6321-77","1","90","22.56"
"TRIJARDY XR 10-5-1000 MG ORAL TABLET EXTENDED RELEASE 24 HOUR","00597-0380-68","1","90","982.46"
"LEVOTHYROXINE SODIUM 137 MCG ORAL TABLET","68180-0972-03","1","90","16.90"
"PAROXETINE 10MG TABLET","13107-0154-30","3","90","3.92"
"DESVENLAFAXINE SUCCINATE ER 50MG TABLET","68180-0592-06","1","90","22.33"
"DOXEPIN HCL 50 MG ORAL CAPSULE","62332-0645-31","1","90","16.07"
"AMLODIPINE VALSARTAN 10-320MG TABLET","00378-1724-93","1","90","29.47"
"AMLODIPINE BENAZEPRIL 10-40MG CAPSULE","55111-0586-01","1","90","12.30"
"ENALAPRIL 10MG TABLET","23155-0772-10","2","90","8.25"
"ISOSORBIDE MONONITRATE ER 30MG TAB ***","13668-0104-10","1","90","6.06"
"BENAZEPRIL-HCTZ 20-12.5MG TABLET","00574-0229-01","1","90","27.50"
"CELECOXIB 200 MG ORAL CAPSULE","69097-0421-12","3","90","13.84"
"BACLOFEN 5 MG ORAL TABLET","72888-0009-01","2","90","17.47"
"JANUMET XR 100-1000MG TABLET","00006-0081-31","1","90","938.23"
"EPLERENONE 25 MG ORAL TABLET","31722-0049-90","1","90","22.89"
"WARFARIN 2.5MG TABLET","00093-1714-01","1","90","17.73"
"ROFLUMILAST 500 MCG ORAL TABLET","72205-0200-90","1","90","40.46"
"OLMESARTAN-HCTZ 40-25 MG TABLET","65862-0781-90","1","90","31.30"
"COLESTIPOL HCL 1 GM ORAL TABLET","00115-5211-16","1","90","49.58"
"OLMESARTAN 5MG TABLET","68462-0436-30","1","90","6.10"
"LISINOPRIL 30MG TABLET","68180-0982-02","1","90","9.02"
"OXYBUTYNIN 10MG TABLET ER","27241-0156-08","1","90","19.98"
"FLUOXETINE 40MG CAPSULE","49483-0703-50","2","90","25.57"
"AMLODIPINE-BENAZEPRIL 5-40 MG CAPSULE","65862-0585-01","1","90","12.30"
"FLUOXETINE HCL 20MG TABLET","59651-0309-01","2","90","28.51"
"RAMIPRIL 2.5MG CAPSULE","65862-0475-01","1","90","4.10"
"SPIRIVA HANDIHALER 18MCG CAPSULE****","00597-0075-41","1","90","966.19"
"DUTASTERIDE-TAMSULOSIN HCL 0.5-0.4 MG ORAL CAPSULE","68382-0640-16","1","90","122.19"
"AMLODIPINE-OLMESARTAN 5-40MG TABLET","42571-0237-90","1","90","12.74"
"ARIPIPRAZOLE 20 MG ORAL TABLET","67877-0434-05","3","90","29.29"
"LEVOTHYROXINE 112MCG TABLET","68180-0970-03","1","90","25.97"
"LISINOPRIL 2.5MG TABLET","68180-0512-02","1","90","11.46"
"FENOFIBRATE 145MG TAB ***","69097-0458-05","1","90","20.90"
"PAROXETINE 40MG TABLET","60505-0101-04","1","90","5.91"
"SYNTHROID 25 MCG ORAL TABLET","00074-4341-90","1","90","146.18"
"URSODIOL 300MG CAPSULE","69238-1540-01","1","90","67.54"
"METHOCARBAMOL 500MG TAB ***","70010-0754-01","1","90","9.33"
"CARBIDOPA-LEVODOPA 25-100 MG TABLET ***","00093-9702-10","1","90","2.51"
"CREON 24000-76000 UNIT CAPSULE DR","00032-2636-01","1","90","747.04"
"VENLAFAXINE HCL ER 75 MG CAPSULE","65862-0528-90","3","90","28.56"
"KETOCONAZOLE 2 % EXTERNAL CREAM","00168-0099-30","3","90","54.93"
"CANDESARTAN CILEXETIL-HCTZ 32-12.5 MG ORAL TABLET","43547-0460-09","1","90","102.10"
"QUETIAPINE FUMARATE 25 MG ORAL TABLET","67877-0242-10","1","90","1.23"
"RAMIPRIL 10MG CAP ***","68180-0591-02","1","90","2.75"
"CANDESARTAN CILEXETIL-HCTZ 16-12.5 MG ORAL TABLET","43547-0459-09","1","90","116.26"
"FENOFIBRATE MICRONIZED 200MG CAPSULE","62332-0086-31","1","90","15.05"
"HYDROXYZINE HCL 50MG TABLET","23155-0502-10","1","90","15.17"
"TRETINOIN 0.05% CREAM","00574-2205-45","2","90","80.82"
"OLMESARTAN-AMLODIPINE-HCTZ 40-10-25MG TABLET","49884-0790-09","1","90","180.00"
"METHIMAZOLE 5MG TABLE ***","23155-0070-01","1","90","9.45"
"CALCITRIOL 0.25MCG CAP ***","23155-0662-01","1","90","23.25"
"CHLORZOXAZONE 375 MG ORAL TABLET","59651-0305-01","1","90","56.07"
"OLMESARTAN 20MG TABLET","68462-0437-90","1","90","7.21"
"TRIAMTERENE-HCTZ 75-50 MG ORAL TABLET","60505-2657-01","1","90","5.30"
"METFORMIN HCL ER 750 MG TABLET","67877-0414-01","1","90","20.31"
"NEBIVOLOL 5MG TABLET","72241-0033-04","1","90","16.85"
"OLMESARTAN-AMLODIPINE-HCTZ 40-5-12.5 MG ORAL TABLET","49884-0787-11","1","90","181.25"
"PRAZOSIN HCL 1 MG ORAL CAPSULE","70377-0066-11","1","90","16.69"
"PRAZOSIN HCL 2 MG ORAL CAPSULE","70377-0067-11","1","90","15.06"
"SYNJARDY XR 12.5-1000 MG TABLET ER","00597-0300-45","1","90","456.44"
"METHIMAZOLE 10MG TAB ***","23155-0071-01","1","90","6.91"
"SYNTHROID 50MCG TABLET","00074-4552-90","1","90","146.11"
"TRAZODONE 150MG TABLET","50111-0450-02","1","90","8.75"
"MUPIROCIN 2% OINTMENT","51672-1312-00","4","88","30.31"
"HYDROCORTISONE 2.5% OINTMENT","00168-0146-30","3","85.05","29.03"
"ECONAZOLE NITRATE 1% CREAM ***","45802-0466-53","1","85","41.13"
"JUNEL FE 1.5/30 1.5-30 MG-MCG ORAL TABLET","00555-9028-58","1","84","21.58"
"HYDROCORTISONE 2.5 % EXTERNAL CREAM ***","45802-0004-03","2","84","14.10"
"CRYSELLE-28 0.3-0.03MG TABLET","00555-9049-58","2","84","39.37"
"PROCTO-MED HC 2.5 % EXTERNAL CREAM","69315-0312-28","1","84","26.67"
"LO LOESTRIN FE 1 MG-10 MCG / 10 MCG ORAL TABLET","00430-0420-14","1","84","579.13"
"BUDESONIDE/FORMOTEROL 160 /4.5 MCG (SYMBICORT)","00310-7370-20","4","81.6","1322.06"
"PREDNISOLONE ACETATE 1% SUSPENSION","61314-0637-10","8","80","372.79"
"ZOLPIDEM TARTRATE 5MG TAB ***","13668-0007-05","3","80","0.99"
"FLUCONAZOLE 200 MG ORAL TABLET","00904-6501-06","3","78","40.34"
"NAPROXEN 375 MG TABLET","70010-0138-01","3","76","13.82"
"OZEMPIC (1 MG/DOSE) 4MG/3ML INJECTION","00169-4130-13","17","75","24423.48"
"MUPIROCIN 2 % EXTERNAL OINTMENT","51672-1312-01","3","75","28.19"
"SYMBICORT 160-4.5MCG/ACT AEROSOL****","00186-0370-20","7","71.4","1644.07"
"IBUPROFEN 800MG TABLET","49483-0604-50","3","71","23.56"
"DORZOLAMID-TIMOLO 22.3-6.8MG/ML (EYE) ***","24208-0486-10","7","70","88.16"
"NITROFURANTOIN MONOHYD MACRO 100 MG ORAL CAPSULE","70756-0404-11","6","68","38.49"
"VALACYCLOVIR 500MG TABLET","57237-0042-30","5","66","45.96"
"METRONIDAZOLE 500MG TABLET","72578-0008-05","6","65","46.11"
"NOVOLOG FLEXPEN 100UNIT/ML INJECTION****","00169-6339-10","5","63","549.48"
"AMOXICILLIN-POT CLAVULANATE 875-125 MG TABLET ***","00143-9249-20","4","62","36.44"
"SOLIFENACIN SUCCINATE 10MG TABLET","68462-0387-30","2","60","31.16"
"CALCIPOTRIENE 0.005 % EXTERNAL OINTMENT","68462-0310-65","1","60","169.54"
"PENICILLIN V POTASSIUM 250MG TABLET","65862-0175-01","1","60","14.04"
"ENALAPRIL 5MG TABLET","23155-0705-10","1","60","13.26"
"DULOXETINE 60MG CAPSULE DR","68180-0296-03","2","60","15.55"
"JULUCA 50-25MG TABLET*****","49702-0242-13","2","60","7271.21"
"ZIPRASIDONE 20MG CAP ***","55111-0256-60","1","60","29.02"
"GLYCOPYRROLATE 1MG TABLET","23155-0606-01","1","60","9.78"
"SPIRONOLACTONE 100MG TABLET","53746-0515-01","2","60","19.54"
"LACOSAMIDE 150MG TABLET","62332-0173-60","1","60","17.04"
"OLANZAPINE 15MG TABLET","55111-0167-30","2","60","6.34"
"NYSTATIN 100000 UNIT/GM EXTERNAL POWDER","69315-0306-60","1","60","37.18"
"HALOPERIDOL 5MG TAB ***","68382-0079-01","1","60","11.30"
"ZORYVE 0.3 % EXTERNAL CREAM","80610-0130-60","1","60","933.56"
"NADOLOL 20MG TABLET","69238-1123-09","2","60","35.21"
"ONDANSETRON ODT  4MG TAB ***","68462-0157-13","3","60","28.62"
"TORSEMIDE 10MG TABLET","31722-0530-01","2","60","5.87"
"LEVOTHYROXINE 88MCG TABLET","68180-0968-03","2","60","5.21"
"AMITRIPTYLINE HCL 50 MG ORAL TABLET","16571-0107-01","2","60","13.38"
"CLINDAMYCIN PHOS 1 % EXTERNAL GEL","45802-0900-96","1","60","13.97"
"EUCRISA 2% OINTMENT*****","55724-0211-21","1","60","769.24"
"LAMOTRIGINE 100MG TABLET","65862-0228-01","2","60","1.96"
"PERMETHRIN 5 % EXTERNAL CREAM","21922-0021-07","1","60","13.65"
"AMCINONIDE 0.1 % EXTERNAL CREAM","74157-0006-60","1","60","1131.96"
"NALTREXONE 50MG TABLET","00406-1170-01","2","60","92.17"
"IYUZEH 0.005 % OPHTHALMIC SOLUTION","82584-0003-30","2","60","602.72"
"ISOSORBIDE MONONITRATE ER 60 MG ORAL TABLET EXTENDED RELEASE 24 HOUR","59651-0540-05","2","60","5.60"
"TERAZOSIN HCL 5 MG ORAL CAPSULE","24689-0882-01","1","60","4.09"
"LITHIUM CARBONATE 600MG CAPSULE","00054-2531-25","1","60","22.15"
"PREGABALIN 150 MG ORAL CAPSULE","82619-0126-01","1","60","1.60"
"TRIAMCINOLONE ACETONIDE 0.1 % EXTERNAL LOTION","70752-0130-05","1","60","8.35"
"NYSTATIN-TRIAMCINOLONE 100000-0.1 U/GM OINTMENT","45802-0244-94","2","60","29.55"
"CLONIDINE 0.3MG TAB ***","00228-2129-10","2","60","22.72"
"PRAVASTATIN 80MG TABLET","70377-0048-12","2","60","34.01"
"IBSRELA 50 MG ORAL TABLET","73154-0050-60","1","60","1965.36"
"TICAGRELOR 60 MG ORAL TABLET","00480-2688-06","1","60","238.18"
"OPZELURA 1.5 % EXTERNAL CREAM","50881-0007-05","1","60","2028.81"
"SEGLUROMET 2.5-1000MG TABLET","00006-5373-03","1","60","353.49"
"PROCTOZONE-HC 2.5% CREAM***","64980-0324-30","1","60","21.96"
"PHENOBARBITAL 32.4 MG TABLET","00603-5166-32","1","60","17.08"
"VASCEPA 0.5 GM ORAL CAPSULE","52937-0003-40","1","60","99.26"
"WARFARIN SODIUM 1MG TAB ***","00093-1712-01","1","60","13.80"
"DULOXETINE 20MG CAPSULE DR","68180-0294-07","2","60","14.72"
"DEPAKOTE 500MG TABLET DELAYED RELEASE","00074-7327-13","1","60","458.27"
"SYNJARDY 5-1000 MG TABLET","00597-0175-60","1","60","346.38"
"MELOXICAM 7.5MG TAB ***","69097-0158-15","2","60","12.91"
"PAXIL 20 MG ORAL TABLET","60505-4518-03","1","60","642.47"
"BUSPIRONE HCL 30 MG ORAL TABLET","72888-0066-05","1","60","17.08"
"MORPHINE SULFATE ER 30 MG ORAL TABLET EXTENDED RELEASE","42858-0802-01","1","60","17.83"
"AMPHETAMINE-DEXTROAMPHETAMINE 20MG TABLET","72516-0012-01","1","60","29.35"
"DOXYCYCLINE HYCLATE 20 MG ORAL TABLET","42806-0362-01","1","60","8.53"
"ANORO ELLIPTA 62.5-25MCG/INH AEROSOL 60EA*****","00173-0869-10","1","60","465.18"
"ZTLIDO 1.8 % EXTERNAL PATCH****","69557-0111-30","1","60","720.83"
"BUPROPION HCL 75MG TABLET","60505-0158-01","1","60","15.89"
"JANUMET XR 50-1000MG TABLET","00006-0080-61","1","60","313.79"
"ZORYVE 0.3 % EXTERNAL FOAM","80610-0430-60","1","60","918.18"
"DIVALPROEX 500MG TABLET DELAYED RELEASE","57237-0048-05","1","60","13.83"
"FLUOCINONIDE 0.05 % EXTERNAL OINTMENT","51672-1264-03","1","60","9.17"
"CHOLESTYRAMINE LIGHT 4GM PACK","68382-0529-60","1","60","90.24"
"DESONIDE 0.05 % EXTERNAL CREAM","62332-0632-60","1","60","55.44"
"ALPRAZOLAM 1 MG ORAL TABLET","00781-1079-01","1","60","4.29"
"MIEBO 1.338 GM/ML OPHTHALMIC SOLUTION","24208-0377-05","15","57","14840.53"
"METHOTREXATE 2.5MG TAB ***","68382-0775-01","2","56","28.48"
"PREDNISONE 20MG TABLET","64380-0785-08","6","54","34.91"
"CEPHALEXIN 500MG CAPSULE ***","67877-0219-05","2","54","4.36"
"LOPERAMIDE 2MG CAP ***","00378-2100-05","2","54","17.41"
"MOMETASONE FUROATE 50MCG/ACT SUSPENSION","60505-0830-01","3","51","160.48"
"PREDNISOLONE ACETATE 1% SUSPENSION","61314-0637-05","9","50","257.19"
"BETAMETHASONE DIP AUG 0.05 % OINTMENT","00168-0268-50","1","50","65.60"
"HALOBETASOL PROPIONATE 0.05 % EXTERNAL CREAM","45802-0129-32","1","50","32.01"
"AZELAIC ACID 15 % EXTERNAL GEL","51672-1389-03","1","50","55.81"
"WARFARIN 4MG TAB ***","00093-1716-01","1","50","2.10"
"ONDANSETRON HCL 4 MG/5ML SOLUTION","65162-0691-79","1","50","24.42"
"INSULIN GLARGINE 100 UNIT/ML YFGN","83257-0015-32","5","48","308.91"
"SULFAMETHOXAZOLE-TRIMETHOPRIM 800-160MG TABLET","57237-0233-01","3","48","22.51"
"BENZOYL PEROXIDE-ERYTHROMYCIN 5-3 % EXTERNAL GEL","64980-0328-02","1","46.6","160.31"
"CICLOPIROX 8 % EXTERNAL SOLUTION","42192-0715-06","7","46.2","109.15"
"BRIMONIDINE TARTRATE 0.2% SOLUTION","61314-0143-05","6","45","57.00"
"BETAMETHASONE VALERATE 0.1% CREAM**","00713-0326-37","1","45","20.32"
"METRONIDAZOLE 0.75 % EXTERNAL GEL","00713-0637-37","1","45","45.46"
"DOXEPIN HCL 5 % EXTERNAL CREAM","69238-1733-06","1","45","271.22"
"TRIAMCINOLONE ACETONIDE 0.5 % CREAM","00168-0002-15","3","45","22.74"
"COMBIGAN 0.2-0.5% OPTH SOLUTION 15ML","00023-9211-15","3","45","1747.44"
"IVERMECTIN 1 % EXTERNAL CREAM","45802-0102-84","1","45","170.96"
"CLOBETASOL PROPIONATE 0.05% CREAM","21922-0016-06","1","45","16.62"
"TERCONAZOLE 0.4% CREAM","51672-1304-06","1","45","14.44"
"INSULIN LISPRO 100 UNIT/ML SQ SOLUTION","00002-8222-59","1","45","515.66"
"METRONIDAZOLE TOPICAL 0.75% CREAM","00168-0323-46","1","45","26.72"
"ESCITALOPRAM 5MG TABLET","13668-0135-10","2","44","2.63"
"LEVOFLOXACIN 500MG TAB ***","31722-0722-50","4","44","24.55"
"ESTRADIOL 0.1MG/GM CREAM","00093-3541-43","1","42.5","28.02"
"AZELASTINE 0.05% OPHTHALMIC SOLUTION","60505-0578-04","5","42","51.26"
"METHYLPREDNISOLONE 4MG (MEDROL) ***","59746-0001-03","2","42","15.20"
"PREDNISONE 10MG TABLET","59746-0173-06","2","41","6.25"
"KETOROLAC 0.5 % OPHTHALMIC SOLUTION","42571-0137-25","5","40","101.52"
"TERCONAZOLE 0.8 % VAGINAL CREAM","00168-0347-20","2","40","52.06"
"HYOSCYAMINE SULFATE 0.125MG TABLET","47781-0013-01","1","40","19.38"
"LEVOTHYROXINE 150 MCG TABLET","68180-0973-03","1","40","12.20"
"TRAMADOL 50 MG TABLET","60219-2348-05","1","40","0.58"
"BASAGLAR KWIKPEN 100UNIT/ML INJECTION*****","00002-7715-59","5","39","809.95"
"MOUNJARO 5 MG/0.5ML PEN-INJECTOR","00002-1495-80","12","36","18974.48"
"OZEMPIC (2 MG/DOSE) 8 MG/3ML PEN-INJECTOR","00169-4772-12","8","36","11668.03"
"FLUTICASONE PROPIONATE HFA 110 MCG/ACT INHAEROSOL","66993-0079-96","3","36","564.51"
"FLUCONAZOLE 100 MG ORAL TABLET","68462-0102-30","2","36","41.33"
"WARFARIN SODIUM 3MG TABLET","51672-4030-01","1","35","1.43"
"AIRSUPRA 90-80 MCG/ACT INHALATION AEROSOL","00310-9080-12","3","32.1","1439.37"
"NURTEC 75MG TABLET DISINTEGRATING","72618-3000-02","2","32","4092.52"
"HYDROCODONE-ACETAMINOPHEN 5-325 MG ORAL TABLET","53746-0109-01","1","32","12.12"
"OXYCODONE HCL 5 MG TABLET","47781-0263-05","5","32","23.23"
"BENZONATATE 100MG CAPSULE NYM","42806-0714-05","2","32","22.64"
"FLUTICASONE PROPIONATE HFA 44 MCG/ACT INH AEROSOL","66993-0078-96","3","31.8","414.66"
"DILTIAZEM 360MG CAPSULE ER","50742-0252-90","1","30","8.16"
"PREMARIN 0.625 MG/GM VAGINAL CREAM","00046-0872-21","1","30","418.58"
"DICYCLOMINE HCL 10MG CAP","00591-0794-10","1","30","1.78"
"DIGOXIN 250MCG TABLET ***","70954-0202-10","1","30","13.58"
"WARFARIN SODIUM 2 MG TABLET","00093-1713-01","1","30","12.69"
"HYDROXYZINE HCL 10MG TAB ***","23155-0500-05","1","30","10.96"
"FLUOXETINE 20MG CAPSULE","65862-0193-99","1","30","10.99"
"RISPERIDONE 0.25MG TABLET","68382-0112-14","1","30","11.23"
"XCOPRI 200 MG ORAL TABLET","71699-0200-30","1","30","1191.04"
"SYMTUZA 800-150-200-10MG TABLET","59676-0800-30","1","30","4488.37"
"LUMIGAN 0.01% SOLUTION*****","00023-3205-08","4","30","3091.19"
"AMLODIPINE BESYLATE 10 MG ORAL TABLET","00904-6371-61","1","30","2.40"
"PHENTERMINE 37.5MG TABLET","10702-0025-01","1","30","6.64"
"AMLODIPINE-BENAZEPRIL 5-20MG CAPSULE","68180-0459-01","1","30","5.52"
"OLANZAPINE 20MG TABLET","55111-0168-30","1","30","3.17"
"ROZEREM 8MG TABLET","64764-0805-30","1","30","383.05"
"MESALAMINE 1000 MG RECTAL SUPPOSITORY","31722-0005-30","1","30","151.94"
"SYNTHROID 125 MCG ORAL TABLET","00074-7068-90","1","30","50.43"
"NYSTATIN 100000UNIT/GM OINTMENT","00713-0686-31","1","30","11.57"
"DEXILANT 60MG CAP ***","64764-0175-30","1","30","293.23"
"NORTRIPTYLINE 10MG CAPSULE","51672-4001-01","1","30","1.13"
"DUTASTERIDE-TAMSULOSIN HCL 0.5-0.4 MG ORAL CAPSULE","68382-0640-06","1","30","69.53"
"AMANTADINE 100MG TABLET","00832-0111-50","1","30","8.77"
"PREDNISOLONE ACETATE 1% SUSPENSION","61314-0637-15","2","30","143.20"
"CIPROFLOXACIN HCL 0.3 % OPHTHALMIC SOLUTION","69315-0308-05","4","30","55.24"
"SYNJARDY XR 25-1000MG TABLET*****","00597-0295-88","1","30","332.82"
"BENAZEPRIL-HYDROCHLOROTHIAZIDE 20-25 MG TABLET","62559-0417-01","1","30","8.64"
"NORTRIPTYLINE 50MG CAPSULE","51672-4003-01","1","30","14.49"
"PENTASA 250 MG ORAL CAPSULE EXTENDED RELEASE","54092-0189-81","1","30","97.41"
"WARFARIN SODIUM 10 MG ORAL TABLET","00093-1720-01","1","30","13.23"
"VEMLIDY 25 MG ORAL TABLET","61958-2301-01","1","30","1538.23"
"LIDOCAINE-PRILOCAINE 2.5-2.5 % EXTERNAL CREAM","00168-0357-30","1","30","7.91"
"QUETIAPINE FUMARATE 200 MG ORAL TABLET","67877-0246-01","1","30","12.76"
"TACROLIMUS 0.03 % EXTERNAL OINTMENT","00168-0417-30","1","30","31.94"
"DORZOLAMIDE HCL 2% SOLUTION","61314-0019-10","3","30","16.23"
"MIRTAZAPINE 45 MG TABLET DISINTEGRATING","65862-0023-06","1","30","16.79"
"POTASSIUM CHLORIDE 10MEQ TABLET ER","00832-5324-11","1","30","2.47"
"BACLOFEN 20MG TABLET","00172-4097-60","1","30","11.79"
"ARIPIPRAZOLE 15MG TABLET","43598-0968-30","1","30","2.45"
"ESOMEPRAZOLE 20MG CAPSULE DR","70377-0055-12","1","30","5.57"
"ARNUITY ELLIPTA 50 MCG/ACT INHAEROSOL","00173-0888-10","1","30","209.76"
"BUPROPION HCL ER (SR) 100MG TABLET","70436-0058-01","1","30","4.96"
"HYDROXYCHLOROQUINE 200MG TABLET","16729-0485-16","1","30","8.22"
"ONDANSETRON 8MG TAB ***","65862-0188-30","1","30","1.32"
"GENTAMICIN SULFATE 0.1 % EXTERNAL OINTMENT","00713-0682-31","1","30","17.19"
"PAROXETINE 30MG TABLET","13107-0156-30","1","30","2.98"
"CLOTRIMAZOLE-BETAMETHASONE 1-0.05 % EXTERNAL CREAM","00168-0258-15","1","30","16.85"
"CIPROFLOXACIN HCL 0.3 % OPHTHALMIC SOLUTION","69315-0308-10","3","30","41.04"
"AMITRIPTYLINE 25MG TAB ***","16729-0172-01","1","30","11.80"
"DICLOFENAC SODIUM 25MG TABLET DR","16571-0203-10","1","30","29.46"
"DOVATO 50-300 MG ORAL TABLET","49702-0246-13","1","30","3092.90"
"REXULTI 0.5 MG ORAL TABLET","59148-0036-13","1","30","1480.31"
"VRAYLAR 3MG CAPSULE","61874-0130-30","1","30","1538.86"
"DIVALPROEX SODIUM 250MG TABLET DR","57237-0047-01","1","30","12.37"
"HALOPERIDOL 10MG TABLET","68382-0080-01","1","30","14.10"
"FLUDROCORTISONE ACETATE 0.1 MG ORAL TABLET","70954-0252-20","1","30","19.69"
"MELOXICAM 15MG TABLET","69097-0159-15","1","30","0.56"
"OXYBUTYNIN CHLORIDE 5MG TABLET","70954-0005-30","1","30","11.49"
"OLANZAPINE 10MG TABLET","43598-0166-30","1","30","1.79"
"ENALAPRIL MALEATE 2.5MG TABLET","23155-0704-01","1","30","2.94"
"NOVOLOG 100UNIT/ML SOLUTION****","00169-7501-11","1","30","205.97"
"SUNOSI 150 MG ORAL TABLET","81968-0351-01","1","30","949.78"
"LEVETIRACETAM 250 MG TABLET","31722-0536-12","1","30","11.48"
"METAXALONE 800 MG ORAL TABLET","55111-0650-01","1","30","33.07"
"VOQUEZNA 10 MG ORAL TABLET","81520-0100-30","1","30","668.72"
"SIMVASTATIN 10MG TABLET","70377-0002-15","1","30","0.42"
"ONDANSETRON ODT 8MG TAB ***","62756-0356-64","1","30","11.17"
"TERAZOSIN 2MG CAPSULE","23155-0736-01","1","30","3.27"
"PROGESTERONE 100 MG CAPSULE","59651-0152-01","1","30","7.38"
"DEPAKOTE ER 250 MG TABLET","00074-7401-13","1","30","120.79"
"DOXEPIN HCL 25 MG ORAL CAPSULE","70756-0425-11","1","30","13.42"
"NITROGLYCERIN 0.1 MG/HR TRANSDERMAL PATCH 24 HOUR","00378-9102-93","1","30","16.11"
"MINOXIDIL 2.5MG TABLET","53489-0386-01","1","30","3.41"
"NYSTATIN 100000UNIT/GM CREAM","45802-0059-11","1","30","11.57"
"PREDNISONE 5MG TABLET","64380-0783-06","1","30","11.31"
"REXULTI 1MG TABLET","59148-0037-13","1","30","1498.75"
"OLMESARTAN-AMLODIPINE-HCTZ 40-10-12.5 MG ORAL TABLET","49884-0789-09","1","30","79.61"
"GLIMEPIRIDE 1 MG ORAL TABLET","55111-0320-05","1","30","0.67"
"PAROXETINE 20MG TABLET ***","13107-0155-30","1","30","12.35"
"CLOMIPRAMINE HCL 25 MG ORAL CAPSULE","42571-0342-01","1","30","22.62"
"TRAMADOL HCL ER 200MG TABLET","68180-0698-06","1","30","58.84"
"ATENOLOL-CHLORTHALIDONE 100-25 MG TABLET","70710-1168-01","1","30","14.28"
"LOKELMA 5GM PACK","00310-1105-30","1","30","844.18"
"ARIPIPRAZOLE 5MG TABLET","67877-0431-03","1","30","11.63"
"JANUVIA 25MG TABLET","00006-0221-31","1","30","127.74"
"DAYVIGO 5 MG ORAL TABLET","62856-0405-30","1","30","345.19"
"QULIPTA 30 MG ORAL TABLET","00074-7096-30","1","30","1133.81"
"MORPHINE SULFATE ER 10 MG CAPSULE","00832-0225-00","1","30","123.75"
"ABILIFY 5MG TABLET","59148-0007-13","1","30","570.77"
"GUANFACINE ER 1MG TAB ***","24979-0533-01","1","30","14.61"
"ACYCLOVIR 5 % EXTERNAL OINTMENT","68462-0746-35","1","30","5.73"
"TRINTELLIX 10MG TABLET****","64764-0730-30","1","30","513.49"
"SIMVASTATIN 40MG TABLET","16729-0006-17","1","30","2.04"
"MEMANTINE 28MG CAPSULE ER","70436-0057-04","1","30","22.68"
"CHLORTHALIDONE 50 MG TABLET","70756-0020-11","1","30","11.68"
"TRIAMCINOLONE ACETONIDE 0.1 % EXTERNAL OINTMENT","33342-0333-15","1","30","11.94"
"DOXEPIN 10MG CAPSULE","71921-0162-01","1","30","0.88"
"DICLOFENAC POTASSIUM 50MG TABLET","72888-0073-01","1","30","5.70"
"LURASIDONE HCL 60 MG ORAL TABLET","31722-0082-30","1","30","11.85"
"RISPERIDONE 1MG TABLET","68382-0114-14","1","30","10.98"
"PRAZOSIN HCL 5 MG ORAL CAPSULE","70756-0440-11","1","30","9.72"
"BISOPROLOL FUMARATE 5 MG ORAL TABLET","70954-0455-20","1","30","16.44"
"RIVASTIGMINE 13.3 MG/24HR TRANSDERMAL PATCH 24 HOUR","00378-9072-93","1","30","89.34"
"METOLAZONE 5 MG TABLET","00185-0055-01","1","30","16.16"
"AMLODIPINE-VALSARTAN-HCTZ 5-160-25 MG ORAL TABLET","64380-0198-01","1","30","186.65"
"OMNIPOD 5 G6 POD (GEN 5)","08508-3000-21","1","30","1769.76"
"ISOSORBIDE MONONITRATE ER 60MG","23155-0178-05","1","30","4.92"
"QUETIAPINE FUMARATE 400 MG ORAL TABLET","67877-0248-01","1","30","15.58"
"BICALUTAMIDE 50 MG TABLET","47335-0485-83","1","30","14.99"
"HYDROCORTISONE 1% CREAM","00168-0015-31","1","28.35","11.24"
"ALENDRONATE SODIUM 10 MG ORAL TABLET","64980-0340-01","1","28","5.35"
"METHOCARBAMOL 750 MG ORAL TABLET","70010-0770-01","1","28","10.96"
"CEFPODOXIME 200MG TAB ***","00781-5439-20","1","28","55.87"
"INTRAROSA 6.5 MG VAGINAL INSERT","72495-0401-28","1","28","348.05"
"CLARITHROMYCIN 500MG TAB ***","00781-1962-60","1","28","23.42"
"QUETIAPINE 150MG TABLET ER","68180-0613-07","1","28","15.54"
"FLUCONAZOLE 150MG TAB ***","57237-0005-11","9","27","59.81"
"SEMGLEE (YFGN) 100 UNIT/ML PEN-INJECTOR","83257-0012-33","1","27","673.31"
"ONDANSETRON 4MG TAB ***","65862-0187-30","2","25","3.10"
"FLUNISOLIDE 25 MCG/ACT (0.025%) NASAL SOLUTION","24208-0344-25","1","25","51.11"
"CABERGOLINE 0.5MG TABLET****","50742-0118-08","1","24","45.68"
"LEUCOVORIN CALCIUM 5 MG ORAL TABLET","42806-0358-30","1","24","5.68"
"QVAR REDIHALER 40MCG/ACT AEROSOL****","59310-0302-40","2","21.2","437.99"
"DEXCOM G7 SENSOR","08627-0077-01","5","21","2669.02"
"TRESIBA FLEXTOUCH 200UNIT/ML INJECTION****","00169-2550-13","3","21","376.28"
"AMOXICILLIN 500MG TABLET","57237-0028-01","1","21","12.26"
"SYMBICORT 80-4.5MCG/ACT AEROSOL****","00186-0372-20","2","20.4","413.38"
"AMOXICILLIN-CLAVULANATE 500-125MG TABLET","00093-2274-34","1","20","16.07"
"FLUOCINOLONE ACETONIDE 0.01 % OTIC OIL","45802-0009-10","1","20","11.51"
"AZITHROMYCIN 250 MG ORAL TABLET","68180-0861-06","1","20","14.20"
"COMBIGAN 0.2-0.5% OPTH SOLUTION 10ML","00023-9211-10","2","20","769.19"
"DORZOLAMIDE HCL 2 % OPHTHALMIC SOLUTION","72888-0077-15","2","20","24.32"
"ACYCLOVIR 800 MG TABLET","31722-0778-01","1","20","13.49"
"TROSPIUM CHLORIDE 20 MG TABLET","23155-0530-06","1","20","7.55"
"NOVOLIN N 100UNIT/ML SUSPENSION","00169-1834-11","1","20","91.55"
"BRIMONIDINE TARTRATE 0.2% SOLUTION","61314-0143-10","2","20","24.44"
"UBRELVY 50 MG ORAL TABLET","00023-6498-10","1","20","2136.78"
"NAPROXEN 250MG TABLET","68462-0188-01","1","20","11.09"
"INSULIN ASPART FLEXPEN 100 UNIT/ML SUBCUTANEOUS SOLUTION PEN-INJECTOR","73070-0103-15","1","18","80.27"
"SUMATRIPTAN SUCCINATE 100MG TAB ***","65862-0148-36","1","18","18.52"
"CEFUROXIME AXETIL 500MG TABLET","65862-0700-20","2","17","4.90"
"XHANCE 93 MCG/ACT NASAL EXHALER SUSPENSION","71143-0375-01","1","16","664.60"
"AZITHROMYCIN 250 MG TABLET","68180-0861-11","3","16","13.60"
"TRIAMCINOLONE ACETONIDE 0.5 % EXTERNAL OINTMENT","45802-0049-35","1","15","14.55"
"ATROPINE SULFATE 1 % OPHTHALMIC SOLUTION","60219-1749-03","2","15","78.33"
"IPRATROPIUM BROMIDE 0.06 % NASAL SOLUTION","69238-2017-02","1","15","9.37"
"MURO 128 2% SOLUTION","24208-0276-15","1","15","18.17"
"AMPHETAMINE-DEXTROAMPHET ER 10 MG ORAL CAPSULE EXTENDED RELEASE 24 HOUR","43975-0278-10","1","15","10.54"
"CIPROFLOXACIN-DEXA 0.3-0.1% OTIC SUSP (EAR)","43598-0326-75","2","15","131.56"
"TIMOLOL MALEATE 0.5% SOLUTION","61314-0227-05","2","15","21.20"
"PHENAZOPYRIDINE HCL 100MG TABLET","69367-0611-01","1","15","12.43"
"LEVALBUTEROL TARTRATE 45 MCG/ACT INHALATION AEROSOL","00591-2927-54","1","15","32.93"
"KLOXXADO 8 MG/0.1ML NASAL LIQUID","59467-0679-01","7","14","873.36"
"TRULICITY 0.75MG/0.5ML INJECTION","00002-1433-80","3","14","6694.25"
"AMOXICILLIN-CLAVULANATE 875-125MG TABLET","42571-0162-01","1","14","1.98"
"LEVOFLOXACIN 750MG TABLET","72578-0100-92","1","14","14.03"
"SCOPOLAMINE 1 MG/3DAYS TRANSDERMAL PATCH 72 HOUR","50742-0505-04","2","13","94.10"
"VYZULTA 0.024 % OPHTHALMIC SOLUTION","24208-0504-02","3","12.5","1268.86"
"PROGESTERONE 200 MG ORAL CAPSULE","59651-0153-01","1","12","5.00"
"ALENDRONATE 70MG TABLET","10135-0697-12","1","12","2.06"
"MOUNJARO 7.5 MG/0.5ML PEN-INJECTOR","00002-1484-80","6","12","6357.15"
"SUMATRIPTAN SUCCINATE 25 MG ORAL TABLET","65862-0146-36","1","12","14.15"
"MIDODRINE 5MG TABLET","64980-0434-01","1","12","1.76"
"RIZATRIPTAN BENZOATE 10MG TABLET","67877-0262-18","1","12","2.38"
"FLUTICASONE PROPIONATE HFA 220 MCG/ACT INHALATION AEROSOL","66993-0080-96","1","12","217.96"
"ADVAIR HFA 230-21 MCG/ACT INHALATION AEROSOL","00173-0717-20","1","12","430.83"
"RESTASIS MULTIDOSE 0.05 % OPHTHALMIC EMULSION","00023-5301-05","2","11","1228.28"
"TRULICITY 3MG/0.5ML INJECTION","00002-2236-80","3","10","4743.05"
"OFLOXACIN 0.3% SOL (EYE) ***","64980-0515-05","2","10","38.32"
"BRIMONIDINE TARTRATE-TIMOLOL 0.2-0.5 % OPHTHALMIC SOLUTION","70069-0652-01","1","10","61.38"
"LUMIGAN 0.01 % OPHTHALMIC SOLUTION","00023-3205-05","2","10","1024.94"
"SCOPOLAMINE 1 MG/3DAYS TRANSDERMAL PATCH 72 HOUR","50742-0505-10","1","10","60.26"
"BRIMONIDINE TARTRATE-TIMOLOL 0.2-0.5 % OPHTHALMIC SOLUTION","68462-0281-32","1","10","61.38"
"MOUNJARO 2.5 MG/0.5ML PEN-INJECTOR","00002-1506-80","3","10","5352.88"
"TIMOLOL MALEATE 0.5% SOLUTION","64980-0514-01","1","10","14.16"
"KETOROLAC TROMETHAMINE 0.5 % OPHTHALMIC SOLUTION","61314-0126-10","1","10","12.60"
"MOUNJARO 10 MG/0.5ML PEN-INJECTOR","00002-1471-80","3","10","5234.73"
"FREESTYLE LIBRE 3 SENSOR","57599-0818-00","5","10","986.59"
"HYDROCORTISONE-ACETIC ACID 1-2 % OTIC SOLUTION","51672-3007-01","1","10","63.79"
"METHYLPREDNISOLONE 8MG TABLET","59762-0049-01","1","10","13.16"
"FOSFOMYCIN TROMETHAMINE 3 GM ORAL PACKET","70700-0268-94","1","9","182.53"
"ZOLMITRIPTAN 5 MG ORAL TABLET DISINTEGRATING","62332-0182-03","1","9","41.17"
"SUMATRIPTAN SUCCINATE 50MG TAB ***","65862-0147-36","1","9","2.68"
"EYSUVIS 0.25 % OPHTHALMIC SUSPENSION","71571-0333-83","1","8.3","507.66"
"MOUNJARO 15 MG/0.5ML PEN-INJECTOR","00002-1457-80","4","8","4297.77"
"EPINEPHRINE 0.3MG/0.3ML INJECTION","00093-5986-27","4","8","1271.88"
"ESTRADIOL 10MCG TABLET","00093-3223-08","1","8","28.30"
"METOCLOPRAMIDE 10MG TAB ***","00093-2203-05","1","8","0.49"
"DOTTI 0.1 MG/24HR TRANSDERMAL PATCH TWICE WEEKLY","65162-0997-08","1","8","46.04"
"JUBLIA 10 % EXTERNAL SOLUTION","00187-5400-08","1","8","1639.07"
"SIMBRINZA 1-0.2 % OPHTHALMIC SUSPENSION","00065-4147-27","1","8","218.74"
"RHOPRESSA 0.02 % OPHTHALMIC SOLUTION","70727-0497-25","1","7.5","982.38"
"CONTOUR NEXT EZ W/DEVICE KIT","00193-7553-01","7","7","100.49"
"CYANOCOBALAMIN 1000 MCG/ML INJECTION SOLUTION","69680-0112-25","3","7","24.65"
"ERYTHROMYCIN 5MG/GM OINTMENT","24208-0910-55","2","7","29.02"
"MOXIFLOXACIN HCL 400 MG ORAL TABLET","72205-0001-30","1","7","27.51"
"REPATHA SURECLICK 140 MG/ML SUBCUTANEOUS SOLUTION AUTO-INJECTOR","72511-0393-02","3","6","1667.92"
"EPINEPHRINE 0.3MG/0.3ML INJECTION 2ML","00115-1694-49","3","6","689.14"
"NEOMYCIN SULFATE 500 MG ORAL TABLET","00093-1177-01","1","6","15.71"
"TADALAFIL 10MG TABLET","47335-0011-83","1","6","2.54"
"MOUNJARO 12.5 MG/0.5ML PEN-INJECTOR","00002-1460-80","3","6","3096.77"
"MOXIFLOXACIN HCL 0.5 % OPHTHALMIC SOLUTION","70069-0081-01","2","6","12.88"
"METHYLERGONOVINE MALEATE 0.2MG TABLET","16571-0735-21","1","6","67.50"
"TRULICITY 4.5 MG/0.5ML SOLUTION","00002-3182-80","1","6","2827.13"
"NEOMYCIN-POLY-DEX OPTH SUSPENSION (EYE)","61314-0630-06","1","5","5.48"
"ROCKLATAN 0.02-0.005% SOLUTION","70727-0529-25","2","5","692.68"
"AZITHROMYCIN 500MG TAB","00781-8090-03","1","5","3.30"
"TRIAMCINOLONE ACETONIDE 0.1 % MOUTH/THROAT PASTE","64980-0320-05","1","5","8.06"
"PREDNISONE 50MG TABLET","64380-0949-06","1","5","0.29"
"CLONIDINE 0.1 MG/24HR TRANSDERMAL PATCH WEEKLY","75907-0023-48","1","4","31.99"
"BUPRENORPHINE 10 MCG/HR TRANSDERMAL PATCH WEEKLY","00093-3657-40","1","4","109.68"
"SPIRIVA RESPIMAT 2.5MCG/ACT AEROSOL***","00597-0100-61","1","4","514.88"
"TRULICITY 1.5MG/0.5ML INJECTION","00002-1434-80","2","4","1943.40"
"ESTRADIOL 0.025 MG/24HR TRANSDERMAL PATCH WEEKLY","00781-7119-54","1","4","27.08"
"ESTRADIOL 0.0375 MG/24HR TRANSDERMAL PATCH WEEKLY","00781-7122-54","1","4","36.74"
"CLONIDINE 0.2 MG/24HR TRANSDERMAL PATCH WEEKLY","75907-0024-48","1","4","40.87"
"MURO 128 5% OINTMENT","24208-0385-55","1","3.5","18.55"
"NEOMYCIN-POLYMYXIN-DEXAMETH 3.5-10000-0.1 OPHTHALMIC OINTMENT","24208-0795-35","1","3.5","3.82"
"BLOOD PRESSURE MACHINE ***  *TALKING SENSE*","91237-0001-78","3","3","151.50"
"WEGOVY 1.7 MG/0.75ML AUTO-INJECTOR","00169-4517-14","1","3","1260.25"
"WEGOVY 2.4 MG/0.75ML AUTO-INJECTOR","00169-4524-14","1","3","1283.48"
"SHINGRIX 50 MCG/0.5ML IM SUSP RECON","58160-0823-11","3","3","676.39"
"IBANDRONATE 150MG TAB ***","60505-2795-00","1","3","21.75"
"ZAFEMY 150-35 MCG/24HR TRANSDERMAL PATCH WEEKLY","65162-0358-03","1","3","105.46"
"VEVYE 0.1 % OPHTHALMIC SOLUTION","82667-0900-02","1","2","732.49"
"ZEPBOUND 12.5 MG/0.5ML AUTO-INJECTOR","00002-2460-80","1","2","1052.03"
"TESTOSTERONE CYPIONATE 200 MG/ML INTRAMUSCULAR SOLUTION","55150-0277-01","1","2","20.28"
"EPINEPHRINE (JR) 0.15MG/0.3ML","00093-5985-27","1","2","143.52"
"MISOPROSTOL 200 MCG ORAL TABLET","70954-0444-20","1","2","11.20"
"ZEPBOUND 10 MG/0.5ML AUTO-INJECTOR","00002-2471-80","1","2","1050.18"
"FREESTYLE LIBRE 3 PLUS SENSOR","57599-0844-00","1","2","163.88"
"ACTEMRA ACTPEN 162 MG/0.9ML SUBCUTANEOUS SOLUTION AUTO-INJECTOR","50242-0143-01","1","1.8","2312.48"
"BROMFENAC SODIUM (ONCE-DAILY) 0.09% SOLUTION","72266-0142-01","1","1.7","74.52"
"RASUVO 20MG/0.4ML INJECTION","59137-0530-04","1","1.6","552.64"
"LANCING DEVICE EMBRACE","94030-0002-68","1","1","13.24"
"PREVNAR 20 0.5 ML PREFILLED SYRINGE","00005-2000-10","2","1","588.95"
"ACCU-CHEK GUIDE W/DEVICE KIT","65702-0729-10","1","1","21.18"
"GARDASIL 9 INTRAMUSCULAR SUSPENSION PREFILLED SYRINGE","00006-4121-02","2","1","665.90"
"DEXCOM G7 RECEIVER DEVICE","08627-0078-01","1","1","295.45"
"OMNIPOD 5 G6 INTRO (GEN 5) KIT","08508-3000-01","1","1","590.01"
"PREVNAR 20 0.5 ML INTRAMUSCULAR SUSPENSION PREFILLED SYRINGE","00005-2000-02","1","0.5","313.34"
